heading,altitude,ground_speed,onground,latitude,longitude,origin_airport_id,destination_airport_id,aircraft_id,datetimes_id
34,33000,498,0,35.7742,-79.2089,0.0,7.0,0,0
274,32000,398,0,55.2466,58.4965,1.0,123.0,1,1
243,10975,292,0,29.0374,-105.8048,2.0,236.0,2,2
232,34000,420,0,36.8902,-99.0035,3.0,41.0,3,0
147,26000,413,0,50.2875,0.7151,4.0,125.0,4,2
205,2800,183,0,40.8072,-74.0912,3.0,7.0,5,3
202,6500,268,0,42.2759,-87.2994,5.0,3.0,6,0
202,9725,285,0,42.4032,-87.2172,6.0,3.0,7,3
162,31000,419,0,27.1412,-82.3897,3.0,36.0,8,4
235,34000,449,0,53.4234,52.0263,1.0,237.0,9,5
257,34000,430,0,39.5676,-87.0358,7.0,43.0,10,3
1,5075,189,0,41.9288,-87.456,8.0,3.0,11,0
26,30075,400,0,50.845,20.3448,9.0,118.0,12,0
270,7300,215,0,41.9651,-87.2863,10.0,3.0,13,0
331,1700,133,0,52.0976,21.0266,11.0,118.0,14,4
148,31000,473,0,37.9345,-85.4439,3.0,50.0,15,3
316,26925,427,0,26.6419,-81.2208,12.0,238.0,16,2
215,15300,354,0,36.4421,-77.8621,7.0,79.0,17,4
291,34000,385,0,34.2752,-101.7462,2.0,239.0,18,2
84,22600,378,0,39.1195,-76.5209,13.0,240.0,19,4
68,29725,457,0,40.0821,-93.1893,14.0,3.0,20,4
357,0,22,1,35.3986,-97.5906,15.0,3.0,21,4
301,300,115,0,40.7783,-73.8702,16.0,3.0,22,6
250,0,4,1,36.1236,-86.6773,10.0,3.0,23,7
225,0,4,1,45.7175,5.0811,17.0,,24,8
28,0,0,1,39.7168,-86.3127,18.0,,25,9
146,0,3,1,50.4723,19.0707,19.0,,26,10
208,0,0,1,45.5897,-122.5901,20.0,241.0,27,2
191,15850,290,0,43.0395,-113.7096,3.0,242.0,28,0
320,10000,269,0,61.0304,-149.8103,21.0,243.0,29,4
226,6550,267,0,39.9563,-85.9703,7.0,18.0,30,4
315,0,18,1,43.6802,-79.63,2.0,6.0,31,2
274,21950,357,0,38.9682,-78.3275,13.0,18.0,32,3
96,0,3,1,40.7008,-74.1664,7.0,97.0,33,4
279,13450,286,0,38.8812,-104.1244,3.0,67.0,34,3
115,35000,473,0,18.8717,-67.0049,12.0,244.0,35,0
123,0,0,1,39.7169,-86.2987,22.0,18.0,36,0
204,32000,410,0,30.1808,-98.1401,3.0,55.0,37,3
82,3675,228,0,34.037,-118.2624,23.0,30.0,38,4
303,38000,450,0,58.7078,-140.2653,21.0,243.0,39,2
121,35000,463,0,40.7604,-103.5445,24.0,89.0,40,4
26,35000,520,0,34.9883,-77.4185,12.0,47.0,41,4
6,35000,468,0,36.8888,-80.3307,12.0,59.0,42,4
207,34000,442,0,20.811,-103.1518,25.0,245.0,43,2
338,36000,416,0,33.6904,-84.4642,12.0,10.0,44,0
96,17150,377,0,18.4886,-63.8295,12.0,246.0,45,0
165,37000,414,0,36.9325,-113.0649,26.0,85.0,46,4
311,36000,434,0,43.9343,-109.0223,27.0,78.0,47,4
287,32000,391,0,46.3132,-105.3823,3.0,87.0,48,4
253,0,17,1,38.5376,-106.9276,25.0,247.0,49,11
109,35000,466,0,38.3874,-97.8542,28.0,49.0,50,2
260,32000,412,0,42.113,-101.8585,3.0,248.0,51,0
353,26450,464,0,46.2878,-122.7155,29.0,24.0,52,0
25,17750,376,0,46.7932,-122.7242,30.0,24.0,53,4
31,4275,261,0,40.5515,-73.4541,3.0,98.0,54,2
7,35000,535,0,30.1315,-78.5618,12.0,16.0,55,3
190,34000,448,0,19.212,-101.1623,25.0,249.0,56,3
154,9850,246,0,37.4768,-122.2885,26.0,20.0,57,3
273,30000,360,0,33.2468,-106.8978,2.0,29.0,58,0
221,12575,302,0,23.1956,-102.4043,2.0,250.0,59,3
131,19775,313,0,36.2919,-115.9852,21.0,77.0,60,3
41,33000,429,0,39.939,-85.5642,25.0,6.0,61,4
30,12450,355,0,42.5709,-89.7872,2.0,251.0,62,3
72,15125,369,0,44.6921,-94.1594,31.0,53.0,63,4
188,34000,461,0,21.92,-100.7162,2.0,249.0,64,3
334,34000,383,0,41.269,-101.1818,2.0,252.0,65,4
128,27000,439,0,35.1381,-101.5485,32.0,25.0,66,0
118,7500,294,0,41.7141,-81.8987,3.0,39.0,67,3
22,31000,461,0,38.8553,-112.7482,33.0,32.0,68,3
204,36000,429,0,24.7608,-101.261,2.0,245.0,69,3
61,19200,373,0,37.0612,-85.6946,2.0,253.0,70,0
294,34000,392,0,36.3008,-106.8484,27.0,254.0,71,3
187,33000,430,0,36.2043,-119.6713,34.0,30.0,72,3
121,13700,308,0,35.3162,-107.1549,32.0,255.0,73,2
298,36000,368,0,34.7708,-103.1137,25.0,256.0,74,4
252,28000,422,0,40.9706,-99.9138,35.0,28.0,75,4
171,37000,415,0,38.2185,-119.9131,26.0,132.0,76,0
346,36000,434,0,49.4382,-112.8879,32.0,197.0,77,3
51,33000,432,0,37.963,-110.0523,30.0,257.0,78,4
29,13200,308,0,39.9045,-73.9412,10.0,98.0,79,3
17,18150,417,0,42.8306,-116.8959,30.0,34.0,80,4
19,33000,512,0,31.7183,-81.0333,12.0,47.0,81,2
213,30000,373,0,33.0099,-80.2513,7.0,38.0,82,4
188,34000,375,0,32.2308,-80.2887,22.0,141.0,83,0
185,26550,397,0,32.2443,-80.9082,22.0,38.0,84,0
68,31625,420,0,43.7068,-76.0585,3.0,60.0,85,3
242,34000,400,0,25.206,-102.1834,25.0,258.0,86,4
28,34925,445,0,42.1854,-111.411,30.0,84.0,87,0
28,35000,515,0,35.1405,-78.8579,36.0,22.0,88,3
56,5850,231,0,37.3764,-122.5276,37.0,20.0,89,4
27,37000,429,0,39.165,-93.6164,2.0,63.0,90,3
329,27275,415,0,40.1613,-85.4201,38.0,3.0,91,0
167,35000,403,0,37.9508,-119.508,21.0,29.0,92,4
100,31000,448,0,41.4994,-77.8764,39.0,7.0,93,4
174,31000,382,0,33.5477,-111.983,32.0,85.0,94,4
91,30825,500,0,30.8198,-86.3759,2.0,259.0,95,4
237,32000,437,0,39.5803,-97.4998,3.0,255.0,96,3
90,0,6,1,32.908,-97.0453,40.0,2.0,97,4
35,6225,218,0,48.1577,-114.4144,32.0,87.0,98,0
17,4525,228,0,33.0243,-97.1629,41.0,2.0,99,2
175,37000,435,0,40.9618,-122.7967,24.0,83.0,100,4
44,13250,345,0,32.6387,-97.3322,42.0,2.0,101,0
343,0,0,1,40.7841,-111.991,32.0,260.0,102,2
66,35000,423,0,41.4131,-81.5647,43.0,47.0,103,4
253,8575,261,0,33.3073,-96.6168,43.0,2.0,104,3
196,0,1,1,32.9076,-97.0451,44.0,2.0,105,4
316,15425,327,0,32.5378,-96.6254,45.0,2.0,106,4
167,33000,481,0,36.6093,-87.1286,3.0,261.0,107,0
228,32000,349,0,35.8681,-114.5866,32.0,33.0,108,0
151,15075,345,0,41.402,-112.3865,46.0,32.0,109,3
1,36000,399,0,38.5251,-97.0745,2.0,71.0,110,4
265,12825,324,0,38.7641,-75.9223,47.0,22.0,111,4
120,33000,446,0,38.8299,-84.7,3.0,101.0,112,4
101,33000,507,0,32.2314,-105.219,48.0,25.0,113,2
49,35000,474,0,36.8027,-108.0168,48.0,31.0,114,0
98,33000,422,0,41.538,-81.3437,3.0,16.0,115,0
67,35000,488,0,35.0554,-106.7872,48.0,14.0,116,4
249,34000,409,0,34.1114,-94.1774,49.0,2.0,117,0
327,30300,422,0,39.265,-84.6359,50.0,3.0,118,3
143,33000,472,0,38.3981,-85.3922,3.0,262.0,119,4
247,2975,173,0,41.7942,-87.8153,51.0,53.0,120,3
193,32000,448,0,32.3301,-92.573,10.0,25.0,121,2
169,35000,388,0,42.3433,-120.7284,26.0,33.0,122,3
209,2200,166,0,42.2801,-83.2893,13.0,263.0,123,4
148,5275,286,0,41.0626,-74.2581,52.0,7.0,124,3
96,35000,468,0,41.5428,-78.9436,18.0,7.0,125,0
83,35000,415,0,42.5866,-81.5702,3.0,240.0,126,4
68,35000,479,0,39.6555,-117.4852,20.0,32.0,127,0
270,0,4,1,41.2982,-95.8972,53.0,75.0,128,4
249,34000,427,0,31.8356,-90.7629,54.0,25.0,129,3
80,5725,271,0,29.8911,-95.4601,55.0,25.0,130,3
218,8675,285,0,28.0645,-97.1097,2.0,264.0,131,3
156,35000,425,0,43.5081,-119.0114,24.0,48.0,132,0
41,35000,487,0,36.5311,-114.6713,30.0,84.0,133,3
71,33000,435,0,37.0496,-111.847,30.0,257.0,134,4
56,33000,473,0,34.1494,-83.5729,56.0,7.0,135,2
29,35000,495,0,37.6432,-77.5591,38.0,7.0,136,4
101,35000,457,0,38.9279,-97.5478,28.0,265.0,137,2
81,0,31,1,61.1679,-149.9994,57.0,243.0,138,0
121,35000,453,0,37.2241,-97.9113,28.0,65.0,139,0
104,35000,482,0,38.6778,-96.441,28.0,70.0,140,3
144,35000,467,0,29.7992,-84.1509,10.0,12.0,141,0
233,34000,430,0,37.6395,-78.9968,16.0,262.0,142,3
50,6,0,1,25.7953,-80.2921,58.0,12.0,143,2
178,18875,348,0,43.295,-123.0438,24.0,260.0,144,3
298,34000,434,0,43.041,-87.2356,59.0,53.0,145,4
303,12175,284,0,47.3509,-122.1216,34.0,24.0,146,4
92,19600,406,0,25.5542,-78.51,12.0,58.0,147,0
17,35000,396,0,29.8155,-98.7261,55.0,2.0,148,4
114,35000,426,0,43.683,-116.5865,21.0,255.0,149,4
81,0,1,1,33.9406,-118.3977,29.0,30.0,150,12
290,21975,334,0,42.9131,-78.662,7.0,6.0,151,0
41,35000,476,0,36.2118,-115.0176,30.0,78.0,152,3
327,30550,429,0,35.6115,-120.6484,30.0,83.0,153,4
226,23125,445,0,40.2589,-75.1983,60.0,22.0,154,3
84,33000,460,0,33.4589,-90.3435,2.0,49.0,155,0
259,30000,470,0,38.6767,-81.5352,13.0,88.0,156,2
316,34000,377,0,37.735,-102.0171,15.0,28.0,157,2
263,36000,416,0,34.7842,-91.0315,61.0,2.0,158,0
120,28475,484,0,25.2253,-78.9305,12.0,73.0,159,2
240,34000,459,0,41.6175,-76.3853,47.0,88.0,160,4
92,35000,417,0,38.3176,-113.849,62.0,28.0,161,4
261,34000,414,0,40.825,-114.8247,32.0,20.0,162,3
124,35000,459,0,35.0717,-120.3598,20.0,33.0,163,0
102,15075,400,0,42.4352,-88.9966,53.0,3.0,164,4
44,33000,437,0,43.2622,-101.4432,28.0,71.0,165,3
82,35000,473,0,33.258,-92.3546,2.0,192.0,166,4
270,1425,138,0,42.0028,-87.8593,63.0,3.0,167,4
299,36000,395,0,20.8889,-69.7283,64.0,12.0,168,0
270,2825,156,0,41.9659,-87.7564,18.0,,169,3
101,33000,495,0,39.0119,-97.9429,28.0,262.0,170,0
111,33000,478,0,38.4004,-99.2723,28.0,261.0,171,3
44,33000,461,0,39.9143,-90.3792,65.0,3.0,172,3
310,32000,383,0,35.4666,-99.0962,2.0,266.0,173,2
129,34800,436,0,36.3439,-120.733,20.0,85.0,174,4
112,20650,427,0,25.4964,-79.4241,12.0,64.0,175,4
231,34000,422,0,40.7775,-74.4227,47.0,36.0,176,2
62,20050,398,0,43.2449,-71.7148,7.0,240.0,177,0
90,0,28,1,41.9674,-87.9093,66.0,3.0,178,0
78,34725,462,0,39.0835,-100.7587,67.0,3.0,179,4
335,34000,480,0,43.2162,-120.9488,68.0,24.0,180,3
170,39000,453,0,38.4103,-87.1644,3.0,267.0,181,4
2,4375,256,0,39.0236,-77.5434,13.0,226.0,182,4
131,1450,143,0,29.5721,-98.5233,25.0,238.0,183,4
231,34000,341,0,42.6942,-117.6924,34.0,20.0,184,3
5,33000,450,0,21.8494,-98.5383,69.0,25.0,185,4
54,31000,464,0,36.617,-79.2861,70.0,7.0,186,4
121,7525,298,0,46.8637,-96.5788,71.0,53.0,187,4
90,37000,435,0,45.6978,-117.3201,21.0,78.0,188,0
307,36000,372,0,34.1301,-99.9556,2.0,268.0,189,4
140,29000,459,0,36.3201,-121.097,20.0,37.0,190,2
106,24875,444,0,33.5189,-117.2896,30.0,255.0,191,3
180,0,20,1,41.9853,-87.9314,72.0,3.0,192,4
275,13850,354,0,47.8726,-121.4813,23.0,24.0,193,2
6,35000,539,0,28.7562,-78.4404,12.0,22.0,194,3
95,17600,361,0,47.447,-118.6567,24.0,23.0,195,2
314,19200,310,0,34.0831,-119.0735,30.0,269.0,196,0
133,27850,431,0,32.3503,-111.2324,48.0,245.0,197,4
323,10475,277,0,25.4032,-79.7356,73.0,12.0,198,4
297,31725,433,0,41.6431,-113.597,32.0,46.0,199,2
45,21000,359,0,39.1212,-75.6628,13.0,16.0,200,3
352,34000,438,0,35.8878,-119.0592,30.0,68.0,201,2
310,10025,293,0,48.8975,-122.8326,24.0,198.0,202,3
213,12125,348,0,39.2972,-76.5526,16.0,22.0,203,3
217,28000,442,0,37.8275,-78.6108,13.0,113.0,204,3
338,32000,416,0,33.8623,-118.3701,33.0,254.0,205,2
155,0,1,1,25.7895,-80.2809,12.0,246.0,206,2
176,35000,373,0,45.5339,-122.0417,24.0,254.0,207,4
59,35000,503,0,35.3644,-113.4804,29.0,28.0,208,4
349,20825,362,0,40.7545,-85.9034,74.0,3.0,209,3
29,25000,428,0,42.9227,-93.8307,75.0,53.0,210,4
178,35000,405,0,43.4979,-122.9138,21.0,83.0,211,4
132,34025,399,0,42.4663,-114.2482,34.0,28.0,212,0
118,35000,478,0,28.5908,-87.3635,56.0,12.0,213,0
124,32625,381,0,46.2046,-120.7982,24.0,34.0,214,4
129,0,0,1,46.9198,-114.0877,76.0,87.0,215,9
274,22175,359,0,38.9786,-78.4929,13.0,97.0,216,4
84,0,15,1,33.9489,-118.4036,30.0,20.0,217,4
106,0,15,1,32.7336,-117.1852,33.0,83.0,218,0
10,17750,357,0,39.5168,-77.4853,13.0,60.0,219,3
84,0,15,1,33.9484,-118.4087,30.0,78.0,220,4
345,26000,411,0,37.0657,-90.4467,8.0,3.0,221,0
39,15125,393,0,33.0338,-116.6921,33.0,84.0,222,0
180,17000,317,0,46.5458,-122.3097,24.0,21.0,223,0
147,26975,339,0,44.7062,-121.8285,21.0,68.0,224,0
271,22000,373,0,47.7169,-118.8343,23.0,24.0,225,3
226,33925,425,0,38.0756,-87.5693,18.0,27.0,226,4
181,22150,352,0,35.3944,-115.317,77.0,33.0,227,0
258,23375,361,0,38.7991,-78.7057,13.0,10.0,228,4
304,30550,431,0,46.3618,-113.2131,78.0,24.0,229,3
165,24700,394,0,41.0086,-87.5203,3.0,70.0,230,0
91,29925,449,0,39.7186,-102.2736,28.0,253.0,231,4
192,33025,349,0,42.867,-121.4738,46.0,20.0,232,4
175,5800,284,0,33.8364,-118.5609,30.0,15.0,233,3
218,26675,423,0,35.5271,-80.1355,79.0,12.0,234,2
88,27000,482,0,42.3681,-90.6799,80.0,3.0,235,2
242,13750,304,0,26.4883,-79.6599,81.0,12.0,236,3
11,4400,226,0,32.2305,-80.6057,82.0,113.0,237,3
356,25475,375,0,33.6528,-97.2628,2.0,270.0,238,2
92,0,0,1,33.9408,-118.3805,30.0,65.0,239,3
139,24300,393,0,36.6181,-121.0156,83.0,27.0,240,4
201,17075,350,0,38.6216,-77.4566,22.0,36.0,241,4
120,35000,425,0,42.3965,-108.9988,84.0,28.0,242,3
85,19950,386,0,42.862,-86.8904,35.0,7.0,243,4
261,0,11,1,33.9381,-118.4153,30.0,75.0,244,4
89,14450,353,0,32.0328,-110.4543,85.0,28.0,245,2
334,15025,313,0,30.3232,-95.532,25.0,80.0,246,4
181,3725,230,0,32.81,-97.028,2.0,232.0,247,4
270,0,13,1,29.9832,-95.3482,25.0,263.0,248,3
245,10525,285,0,30.0551,-97.9356,27.0,271.0,249,3
316,11225,294,0,40.9174,-112.1873,32.0,272.0,250,3
199,0,0,1,38.9347,-77.4555,13.0,39.0,251,0
267,0,6,1,29.9909,-95.3541,25.0,75.0,252,4
331,0,13,1,29.9854,-95.353,25.0,59.0,253,4
135,0,0,1,27.3864,-82.5465,0.0,3.0,254,3
95,0,0,1,33.8181,-116.4992,29.0,20.0,255,3
284,5575,184,0,40.8294,-111.9996,32.0,29.0,256,3
314,1400,140,0,37.7296,-122.2539,86.0,24.0,257,4
295,0,18,1,43.5696,-116.2316,34.0,33.0,258,2
115,3450,152,0,43.5579,-116.2008,34.0,23.0,259,4
168,0,14,1,40.7748,-111.9748,32.0,273.0,260,4
2,0,0,1,29.983,-95.331,25.0,97.0,261,13
270,0,14,1,41.9721,-87.8997,3.0,16.0,262,4
244,0,14,1,29.9907,-95.3597,25.0,14.0,263,3
241,0,0,1,40.784,-111.9934,32.0,87.0,264,14
267,0,8,1,40.7836,-111.9924,32.0,46.0,265,4
355,0,11,1,47.4463,-122.3063,24.0,20.0,266,4
11,0,0,1,39.8626,-104.6763,30.0,28.0,267,15
208,0,0,1,48.3084,-114.2538,87.0,24.0,268,4
113,14325,378,0,38.8968,-84.1013,88.0,22.0,269,0
356,0,13,1,47.4492,-122.3063,24.0,254.0,270,4
202,0,0,1,37.6141,-122.3814,20.0,29.0,271,4
329,25325,333,0,36.7567,-96.3968,65.0,28.0,272,3
151,0,0,1,40.7873,-111.9801,32.0,62.0,273,2
300,0,9,1,37.6511,-97.4324,89.0,2.0,274,6
351,0,0,1,33.9465,-118.4054,30.0,83.0,275,16
270,0,9,1,30.2009,-97.6723,27.0,29.0,276,4
225,0,0,1,29.9883,-95.3464,25.0,238.0,277,17
73,0,12,1,38.8573,-77.0418,22.0,,278,4
36,0,0,1,45.5873,-122.5939,21.0,48.0,279,4
300,0,0,1,40.6353,-73.7735,35.0,98.0,280,3
206,7675,286,0,30.5546,-97.5098,90.0,27.0,281,2
244,11925,279,0,39.5939,-93.9756,47.0,14.0,282,4
162,33000,402,0,26.5189,-82.2977,16.0,36.0,283,4
219,1875,198,0,32.2168,-80.9975,47.0,50.0,284,0
298,32000,458,0,39.2394,-80.8412,22.0,3.0,285,4
102,22425,415,0,40.9752,-76.5688,75.0,16.0,286,3
202,5550,214,0,45.3932,8.9394,91.0,169.0,287,3
256,18,97,1,39.8726,-75.2359,10.0,90.0,288,2
2,19975,310,0,51.0688,21.0797,92.0,118.0,289,0
176,18500,354,0,30.9722,-90.2336,3.0,56.0,290,3
182,0,26,1,52.3403,4.7127,93.0,209.0,291,0
99,33000,462,0,41.175,-77.8213,43.0,16.0,292,3
93,37000,472,0,52.9808,11.3551,94.0,118.0,293,4
7,3400,240,0,42.1482,-70.8453,79.0,47.0,294,4
18,7575,296,0,52.035,4.1691,95.0,209.0,295,3
61,0,0,1,41.977,-87.8929,3.0,,296,2
254,9500,288,0,31.9116,35.913,96.0,274.0,297,3
250,32000,471,0,38.2297,-82.1975,16.0,10.0,298,3
99,26975,422,0,41.0509,-76.8676,97.0,16.0,299,4
67,35000,438,0,43.2855,-81.035,3.0,230.0,300,4
103,26000,440,0,42.4872,-75.3542,6.0,16.0,301,3
279,34000,406,0,40.9455,-78.2285,98.0,35.0,302,4
242,34000,461,0,38.9774,-78.8639,98.0,10.0,303,4
31,21000,377,0,39.5401,-90.4685,43.0,3.0,304,3
79,35000,451,0,36.9523,-83.9835,8.0,22.0,305,0
184,35000,442,0,34.6198,-85.0715,18.0,12.0,306,3
83,33000,476,0,42.5514,-74.2231,59.0,47.0,307,3
227,20675,375,0,40.3513,-75.0687,47.0,275.0,308,3
165,0,0,1,44.8861,-93.2134,53.0,,309,11
116,19000,390,0,42.0428,-75.2624,6.0,7.0,310,4
357,0,15,1,43.1133,-76.1074,16.0,276.0,311,4
225,16175,360,0,46.0693,-93.2964,99.0,53.0,312,0
90,33000,436,0,41.7537,-80.2102,88.0,98.0,313,2
72,12025,373,0,52.4883,3.7761,100.0,209.0,314,6
30,0,20,1,40.7764,-73.8767,47.0,16.0,315,2
36,25000,411,0,38.6231,-76.0897,101.0,16.0,316,0
298,34000,409,0,42.231,-76.9738,16.0,6.0,317,4
137,37000,422,0,54.8666,1.3591,102.0,209.0,318,4
99,27000,417,0,39.2942,-79.8133,97.0,22.0,319,4
80,31000,430,0,40.9615,-80.4137,88.0,16.0,320,4
58,13125,316,0,34.819,-81.6854,70.0,16.0,321,4
177,20000,401,0,38.0312,-76.6594,22.0,277.0,322,3
56,23000,420,0,40.9556,-73.2729,90.0,47.0,323,4
88,32000,500,0,52.3566,16.2582,103.0,118.0,324,4
100,31000,465,0,52.9492,1.2541,104.0,209.0,325,2
201,31775,450,0,57.5787,8.7907,105.0,209.0,326,3
290,22100,346,0,41.4589,-74.5783,106.0,263.0,327,2
103,10950,313,0,42.1991,-70.8961,47.0,98.0,328,0
295,1975,131,0,51.4064,-3.3745,107.0,209.0,329,3
45,0,4,1,43.6783,-79.614,6.0,,330,18
99,28575,435,0,18.2206,-68.2378,108.0,278.0,331,0
101,0,0,1,38.8496,-77.0337,22.0,16.0,332,2
176,0,15,1,40.6478,-73.798,98.0,59.0,333,2
298,0,0,1,40.7843,-111.989,32.0,76.0,334,3
219,0,0,1,43.6783,-79.6097,6.0,,335,9
277,37000,418,0,-26.9494,-65.7623,,279.0,336,19
30,0,0,1,40.7765,-73.8746,16.0,39.0,337,0
141,37000,462,0,33.1414,45.3983,109.0,280.0,338,20
194,34000,335,0,31.5708,-78.6062,98.0,124.0,339,21
140,14625,398,0,-26.0282,27.8245,110.0,177.0,340,22
73,33000,506,0,43.5701,74.4753,111.0,281.0,341,22
114,37000,492,0,37.9909,44.452,109.0,282.0,342,5
225,2325,131,0,46.2866,6.1803,112.0,109.0,343,20
56,23000,403,0,41.2104,-72.9106,113.0,47.0,344,20
73,4625,230,0,40.8984,-74.2346,12.0,7.0,345,20
213,0,12,1,42.3696,-71.0161,114.0,47.0,346,22
19,36000,438,0,44.6353,-2.3697,115.0,125.0,347,22
326,36000,422,0,37.1975,46.2759,116.0,93.0,348,20
298,0,0,1,40.6446,-73.7753,38.0,98.0,349,9
220,3600,241,0,26.7393,-81.4853,22.0,114.0,350,5
105,8225,273,0,48.4398,16.1,117.0,184.0,351,20
171,0,3,1,45.6257,8.7167,118.0,169.0,352,22
105,11100,321,0,42.515,-71.4226,119.0,47.0,353,20
118,11950,302,0,12.3828,-86.7823,120.0,283.0,354,20
157,0,34,1,52.3171,4.7395,121.0,209.0,355,20
2,27000,469,0,34.1474,-77.9455,122.0,79.0,356,20
186,34000,448,0,43.1555,50.5814,123.0,145.0,357,5
7,37000,543,0,31.5712,-78.3309,124.0,47.0,358,21
216,34000,408,0,40.2521,-72.582,47.0,284.0,359,5
44,35000,518,0,36.3188,-77.2477,54.0,98.0,360,21
215,29800,374,0,40.2837,-8.0416,125.0,152.0,361,5
34,31000,487,0,39.2841,-74.8605,124.0,47.0,362,22
309,0,9,1,53.3524,-2.2821,126.0,144.0,363,20
183,1100,108,0,52.3786,4.7443,127.0,209.0,364,21
40,16600,382,0,39.7402,-74.0972,10.0,98.0,365,21
195,38000,464,0,54.2941,16.5649,112.0,285.0,366,5
109,35000,483,0,41.1918,45.7282,128.0,145.0,367,22
10,35000,558,0,31.0997,-78.1909,0.0,98.0,368,5
209,37000,394,0,52.9363,6.5402,129.0,125.0,369,22
48,27000,433,0,40.7817,-73.5536,50.0,47.0,370,22
239,0,15,1,19.4303,-99.0765,130.0,120.0,371,20
165,37000,437,0,36.8953,-108.4213,32.0,286.0,372,5
3,33000,390,0,25.942,-98.7371,120.0,2.0,373,22
151,10975,221,0,19.4255,-99.2524,131.0,120.0,374,22
23,14650,376,0,39.8524,-112.1862,132.0,287.0,375,22
145,13950,357,0,42.1076,-70.9979,47.0,114.0,376,5
266,18500,328,0,52.5413,6.3812,133.0,209.0,377,21
336,31425,386,0,-32.3867,-63.3807,134.0,288.0,378,23
154,0,19,1,60.3287,24.9492,135.0,112.0,379,22
107,5250,226,0,12.4645,-8.2376,136.0,289.0,380,20
47,15800,399,0,47.2376,18.2146,126.0,290.0,381,22
87,26525,442,0,42.135,-86.4218,3.0,98.0,382,5
59,8350,160,0,19.3952,-99.1482,137.0,120.0,383,22
319,27250,414,0,47.6948,4.8426,138.0,125.0,384,20
43,37000,529,0,34.074,-78.8826,124.0,98.0,385,20
244,30000,478,0,8.3003,-70.5233,139.0,291.0,386,5
251,10900,277,0,39.1027,-8.5273,140.0,152.0,387,5
5,37000,503,0,34.2284,-77.943,141.0,22.0,388,21
316,36000,400,0,50.2003,10.1365,138.0,209.0,389,5
318,34000,417,0,-29.3862,-62.6224,142.0,292.0,390,23
249,35000,418,0,41.3096,2.0975,93.0,152.0,391,21
44,24975,496,0,26.2936,-79.3532,12.0,47.0,392,20
229,30000,421,0,-38.2706,-61.4303,142.0,293.0,393,24
330,27675,438,0,-2.3534,37.2904,143.0,294.0,394,22
144,29000,428,0,50.8537,0.0192,144.0,125.0,395,20
260,36975,411,0,41.1099,0.4771,95.0,152.0,396,21
120,0,0,1,40.6446,-73.772,98.0,124.0,397,20
122,37000,501,0,16.0459,-94.4057,120.0,295.0,398,22
112,0,0,1,27.3859,-82.5458,0.0,47.0,399,21
104,31000,492,0,39.8044,54.8633,145.0,296.0,400,5
271,30000,407,0,19.3743,-101.0303,120.0,245.0,401,20
281,34000,364,0,-34.125,-63.5279,146.0,297.0,402,2
132,0,27,1,52.3021,4.7451,147.0,209.0,403,21
207,36000,414,0,53.782,6.6267,148.0,209.0,404,5
186,31825,370,0,52.0866,-2.8327,144.0,152.0,405,22
2,31800,395,0,42.1147,50.4475,145.0,189.0,406,20
27,33550,469,0,46.7922,0.2364,149.0,125.0,407,22
107,35000,434,0,52.9502,1.6918,4.0,209.0,408,22
280,19725,295,0,52.4065,6.5147,117.0,209.0,409,21
29,34000,414,0,40.5183,-4.0708,150.0,125.0,410,20
2,39000,417,0,22.0452,-98.9905,120.0,298.0,411,20
211,25425,368,0,53.3355,6.3875,151.0,209.0,412,22
255,38000,358,0,19.2569,-91.4168,,120.0,413,21
60,36000,446,0,39.7963,-5.7673,152.0,299.0,414,21
108,37000,443,0,-0.8543,34.9943,153.0,294.0,415,5
353,33000,432,0,-31.4171,-58.662,142.0,300.0,416,5
200,31000,448,0,41.9546,-0.8798,154.0,301.0,417,21
334,37750,426,0,-4.6831,38.426,155.0,294.0,418,5
115,37000,493,0,21.6538,-107.0902,156.0,120.0,419,5
327,36000,408,0,-32.1283,-60.28,142.0,279.0,420,2
230,15550,282,0,20.0368,-99.0567,157.0,302.0,421,22
118,16275,328,0,19.8379,-99.4591,158.0,120.0,422,22
264,40000,401,0,53.8619,14.4345,159.0,209.0,423,5
84,29000,494,0,52.0578,1.4943,160.0,209.0,424,21
20,38000,469,0,47.9754,1.2436,161.0,209.0,425,5
323,30000,408,0,18.053,-97.812,162.0,120.0,426,20
125,37000,501,0,25.4523,-106.5384,163.0,120.0,427,22
238,33800,438,0,42.1371,3.837,95.0,303.0,428,22
99,29000,464,0,52.2295,1.384,164.0,209.0,429,22
342,33375,402,0,22.9204,-100.7325,165.0,55.0,430,20
243,32000,415,0,11.9566,-61.2514,166.0,304.0,431,5
239,20000,380,0,36.3719,-77.7438,101.0,305.0,432,21
46,26150,390,0,38.1811,-76.5593,167.0,47.0,433,21
26,18225,369,0,19.7112,-98.7057,120.0,250.0,434,20
127,25000,462,0,29.1082,33.4287,168.0,306.0,435,20
168,0,26,1,45.6132,8.722,169.0,117.0,436,22
185,0,0,1,42.3689,-71.0155,47.0,98.0,437,22
32,16325,370,0,51.5992,6.9426,170.0,112.0,438,20
304,24150,382,0,-33.8369,-59.1597,142.0,307.0,439,22
274,27800,363,0,39.8208,-1.53,171.0,152.0,440,21
193,11125,346,0,58.0246,8.1294,172.0,209.0,441,22
319,5850,238,0,51.3876,-2.8928,100.0,117.0,442,21
340,0,9,1,19.4239,-99.0821,120.0,308.0,443,20
262,7600,264,0,44.5482,11.026,127.0,126.0,444,5
96,22500,377,0,18.2867,-68.857,108.0,309.0,445,20
343,14625,328,0,57.2891,40.1617,173.0,310.0,446,25
352,27000,440,0,-36.5848,-57.7302,134.0,142.0,447,5
191,10725,296,0,-34.755,-58.3072,142.0,134.0,448,21
205,10825,296,0,39.3965,-0.654,171.0,303.0,449,21
244,0,0,1,42.3664,-71.0138,47.0,16.0,450,5
70,2800,71,0,9.9901,-84.2191,174.0,,451,0
239,0,0,1,40.6467,-73.7754,98.0,,452,4
180,0,0,1,40.6453,-73.7719,98.0,141.0,453,21
303,2275,181,0,25.7935,-100.134,55.0,302.0,454,22
204,33000,460,0,31.6106,-11.7988,175.0,311.0,455,20
137,2825,156,0,47.5368,8.4611,176.0,126.0,456,22
30,37000,412,0,63.6217,9.1455,175.0,312.0,457,22
185,0,1,1,47.4542,8.5606,118.0,126.0,458,22
135,0,0,1,46.2372,6.1122,118.0,109.0,459,26
345,0,13,1,-33.9728,18.6001,177.0,313.0,460,22
151,0,19,1,52.1687,20.971,178.0,118.0,461,20
26,6675,275,0,55.5236,12.8069,109.0,314.0,462,22
125,37000,441,0,-16.1371,-53.9265,179.0,,463,20
203,35000,404,0,44.4335,-5.6622,180.0,152.0,464,22
193,1750,212,0,29.9215,-90.1855,74.0,56.0,465,21
19,10600,322,0,-25.7484,-49.5777,181.0,315.0,466,20
224,35000,374,0,46.765,-1.2582,170.0,152.0,467,21
327,5400,252,0,48.1559,16.7611,92.0,184.0,468,22
6,3700,212,0,51.9617,21.1343,182.0,118.0,469,21
332,34000,396,0,27.6741,41.5378,183.0,274.0,470,21
126,13050,376,0,41.7153,-72.2821,59.0,316.0,471,21
11,37000,487,0,-12.3942,-42.2967,,317.0,472,5
287,34000,403,0,47.2909,13.2082,182.0,126.0,473,20
329,28400,380,0,51.2161,11.2637,184.0,147.0,474,21
188,36000,393,0,50.5454,-8.5585,94.0,152.0,475,21
233,37000,411,0,43.1587,-0.9386,17.0,152.0,476,21
255,27750,414,0,47.3517,8.3907,184.0,109.0,477,20
89,15975,405,0,48.4714,10.8927,,187.0,478,20
120,1800,176,0,-27.6161,-48.6433,185.0,318.0,479,21
66,5900,289,0,48.2097,11.9556,186.0,187.0,480,20
255,0,11,1,45.5015,12.3419,187.0,138.0,481,20
135,0,29,1,-25.5352,-49.1682,188.0,315.0,482,22
70,35000,54,0,55.9002,34.3499,189.0,319.0,483,23
230,30000,402,0,-17.9451,-42.982,190.0,320.0,484,20
17,34000,438,0,50.6785,9.728,126.0,314.0,485,21
122,6600,286,0,48.528,11.9741,191.0,187.0,486,5
267,34000,387,0,47.9744,12.6072,184.0,126.0,487,20
246,36000,390,0,-23.8436,-49.9505,,185.0,488,2
340,34000,434,0,35.8059,-82.9652,192.0,88.0,489,20
233,0,16,1,44.81,20.3222,193.0,182.0,490,27
228,34000,402,0,-16.5098,-40.7324,194.0,,491,5
25,32975,484,0,-21.9012,-45.2874,,,492,9
249,26000,377,0,-23.3789,-44.1254,,,493,5
30,16450,361,0,37.3377,-76.0076,101.0,226.0,494,21
15,15000,366,0,-23.1177,-46.0455,,,495,20
210,0,0,1,31.9999,34.8759,195.0,,496,28
233,0,5,1,43.6287,1.3713,154.0,,497,29
351,0,0,1,47.2596,11.3528,196.0,184.0,498,18
137,33800,450,0,45.0764,-81.3519,,6.0,499,20
126,37000,453,0,45.7647,-82.3589,197.0,6.0,500,22
157,0,0,1,26.0744,-80.1478,6.0,284.0,501,20
102,37000,462,0,48.6783,-94.7842,198.0,6.0,502,5
221,37000,397,0,34.2812,-8.6066,199.0,301.0,503,21
275,38000,424,0,49.8456,-98.7242,6.0,198.0,504,5
234,37000,429,0,36.572,-5.3167,138.0,301.0,505,20
280,36000,428,0,49.9796,-93.9726,6.0,,506,21
106,37000,455,0,49.7237,-92.1907,,210.0,507,21
291,36000,447,0,49.1768,-92.826,6.0,197.0,508,20
47,0,14,1,43.682,-79.6308,200.0,6.0,509,22
20,34000,421,0,39.1586,-9.9677,,321.0,510,22
217,38000,413,0,-17.401,-43.0119,201.0,,511,21
245,34000,410,0,-16.907,-46.1784,202.0,322.0,512,21
252,40000,422,0,-16.0465,-43.8606,201.0,185.0,513,21
197,38000,455,0,56.3408,15.7933,203.0,126.0,514,21
8,39000,485,0,34.4589,-80.7829,12.0,6.0,515,20
352,9800,295,0,51.8817,4.139,,209.0,516,21
183,2150,150,0,52.483,4.7229,149.0,209.0,517,5
296,36000,433,0,48.2423,-89.4014,6.0,323.0,518,20
36,37000,444,0,-11.8832,-37.7616,,202.0,519,20
140,0,31,1,52.3263,4.726,204.0,209.0,520,21
27,36000,414,0,43.1023,-2.3516,115.0,324.0,521,5
12,38000,463,0,46.9457,1.0471,171.0,209.0,522,20
18,39000,472,0,-11.1419,-41.3146,,325.0,523,5
29,37000,448,0,-12.7682,-40.1118,,326.0,524,20
25,35000,441,0,-17.9841,-42.8082,,327.0,525,21
65,36275,443,0,44.2835,-76.8058,6.0,200.0,526,22
189,38000,439,0,39.2424,-80.2607,6.0,124.0,527,5
135,39000,438,0,53.4069,0.3029,205.0,209.0,528,21
90,0,10,1,6.5806,3.33,206.0,328.0,529,30
103,39000,469,0,53.3815,-1.1513,207.0,209.0,530,22
12,40000,429,0,38.6273,-3.8046,,324.0,531,21
151,0,0,1,53.6296,9.9999,208.0,209.0,532,21
2,0,23,1,52.3106,4.7762,209.0,,533,5
220,18225,344,0,-24.1006,-46.9947,,188.0,534,21
202,0,0,1,43.8034,11.1989,199.0,,535,31
36,0,0,1,45.3203,-75.6674,210.0,6.0,536,32
307,18050,375,0,36.6367,-87.69,113.0,329.0,537,21
37,33000,429,0,35.9497,-95.0635,2.0,330.0,538,21
91,2550,155,0,34.1997,-118.4874,86.0,37.0,539,22
179,7200,254,0,33.697,-112.201,211.0,48.0,540,5
36,37000,431,0,36.3161,-94.3159,212.0,35.0,541,21
72,31000,460,0,34.8049,-116.4333,37.0,48.0,542,22
225,17400,299,0,40.0751,-105.3212,213.0,77.0,543,21
207,3975,238,0,44.6301,-75.5398,214.0,90.0,544,21
223,0,0,1,33.6714,-117.8673,132.0,,545,14
276,25,131,0,32.2999,-86.3827,113.0,331.0,546,22
229,0,2,1,35.2191,-80.9397,113.0,332.0,547,20
213,8050,269,0,22.9419,-109.6396,215.0,,548,21
95,0,12,1,25.9019,-80.2708,215.0,216.0,549,30
229,4300,234,0,41.1078,-73.2498,216.0,106.0,550,20
45,14975,299,0,40.7999,-73.284,10.0,106.0,551,20
41,4275,253,0,40.5923,-74.767,216.0,333.0,552,21
208,5900,246,0,8.9794,-79.3181,217.0,334.0,553,21
20,35000,500,0,34.2455,-77.4713,218.0,106.0,554,20
239,5750,220,0,33.0787,-96.6318,10.0,215.0,555,22
119,35000,457,0,16.5238,-63.4127,219.0,166.0,556,22
224,36000,384,0,38.6383,-108.8598,213.0,37.0,557,5
288,33125,397,0,33.8062,-100.7498,2.0,335.0,558,20
87,0,23,1,35.2115,-80.9526,220.0,113.0,559,0
293,4900,248,0,54.8282,-7.1858,221.0,336.0,560,1
271,28550,429,0,41.266,-85.7298,222.0,3.0,561,20
252,28000,435,0,32.8877,-87.2882,113.0,,562,20
190,36000,463,0,-24.5331,28.9374,223.0,177.0,563,22
95,7125,246,0,35.6598,-81.0396,224.0,113.0,564,21
106,27000,458,0,35.8435,-83.2403,49.0,113.0,565,20
113,17100,408,0,35.6189,-82.1903,225.0,113.0,566,21
298,36000,388,0,35.6304,-100.0677,215.0,247.0,567,21
135,0,0,1,26.3728,-80.115,218.0,333.0,568,3
53,0,16,1,40.8499,-77.8502,90.0,337.0,569,33
277,9350,249,0,39.3561,-74.5157,226.0,90.0,570,22
330,1850,165,0,26.6307,-78.4901,227.0,81.0,571,20
119,23000,433,0,42.4234,-77.111,119.0,90.0,572,20
22,18400,330,0,5.2352,-73.9359,228.0,,573,20
351,0,4,1,-8.8646,13.2268,,,574,34
290,28875,367,0,33.2093,-98.7166,215.0,77.0,575,22
59,28925,369,0,6.1302,1.3868,229.0,328.0,576,5
314,27050,394,0,36.2824,-116.4188,77.0,86.0,577,21
271,0,0,1,45.4662,-73.7456,230.0,90.0,578,21
112,14775,406,0,24.8223,-76.7525,227.0,338.0,579,20
348,23975,413,0,30.8562,-95.4,231.0,215.0,580,21
30,12900,301,0,34.2863,-81.6662,232.0,113.0,581,20
271,3625,200,0,41.9698,-88.0036,3.0,31.0,582,22
89,0,0,1,38.1479,-78.4469,233.0,113.0,583,13
69,13175,277,0,29.2908,-110.6858,,,584,35
333,5475,232,0,39.8478,-75.4114,90.0,339.0,585,20
19,0,0,1,37.4438,-105.864,234.0,28.0,586,22
121,0,1,1,42.9273,-71.4363,235.0,90.0,587,22
