flight_id,heading,altitude,ground_speed,aircraft_code,origin_airport,destination_airport,airline_iata,onground,latitude,longitude,aircraft_model,aircraft_country_id,aircraft_type,time
334feb76,208,9575,299,E170,EWR,EYW,UA,0,24.9989,-81.8062,Embraer E170SE,236,E170,1703110147
335017b8,130,33000,451,E170,OVB,UUD,S7,0,52.3555,106.5181,Embraer E170SU,182,E170,1703110143
33502c64,36,35000,439,E170,EYW,LGA,DL,0,37.3727,-77.069,Embraer E170SE,236,E170,1703110148
33502d2f,348,0,0,E170,ORD,YUL,UA,1,45.4551,-73.7539,Embraer E170SE,236,E170,1703110141
33503245,295,0,19,E170,ORD,EWR,AA,1,40.6964,-74.1661,Embraer E170LR,236,E170,1703110144
33503d27,102,33000,533,E170,KZN,OVB,S7,0,57.1095,76.0427,Embraer E170SU,182,E170,1703110143
335043ad,275,34000,434,E170,IKT,OVB,S7,0,54.7361,86.9516,Embraer E170SU,182,E170,1703110147
33504ccf,223,2125,169,E170,ORD,SYR,AA,0,43.1248,-75.9051,Embraer E170SU,236,E170,1703110149
33504d36,139,5850,291,E170,ORD,RIC,AA,0,37.5824,-77.784,Embraer E170SE,236,E170,1703110149
335055fb,58,31000,432,E170,OVB,TLK,S7,0,59.5887,95.0192,Embraer E170SU,182,E170,1703110151
33505ccb,95,33050,482,E170,ORD,AVP,AA,0,41.9089,-79.0738,Embraer E170LR,236,E170,1703110148
33505d12,141,27925,455,E170,ORD,ATL,AA,0,35.0063,-85.7793,Embraer E170LR,236,E170,1703110147
33506e1b,107,21525,389,E170,PIT,LGA,DL,0,40.9853,-76.5065,Embraer E170SU,236,E170,1703110148
33507a55,289,32000,392,E170,HPN,ORD,AA,0,41.9275,-77.0983,Embraer E170SE,236,E170,1703110150
33508004,90,23000,444,E170,DSM,ORD,AA,0,42.5197,-89.8932,Embraer E170STD,236,E170,1703110149
335081dd,238,16625,339,E170,LGA,DCA,DL,0,40.5218,-74.7526,Embraer E170LR,236,E170,1703110148
33508232,162,29225,461,E170,ORD,BNA,AA,0,40.6166,-87.739,Embraer E170STD,236,E170,1703110148
3350867e,51,32975,459,E170,COU,ORD,AA,0,39.8043,-90.5095,Embraer E170STD,236,E170,1703110149
33508a3c,31,33725,476,E170,AGU,DFW,AA,0,23.6085,-102.2235,Embraer E170SU,236,E170,1703110148
33508ac8,19,0,0,E170,ICT,ORD,AA,1,37.6604,-97.4329,Embraer E170SU,236,E170,1703110143
33508c99,213,0,0,E170,AUS,N/A,MQ,1,30.1998,-97.6721,Embraer E170SU,236,E170,1703110148
335090d1,95,0,0,E170,SGF,ORD,AA,1,37.2537,-93.3814,Embraer E170STD,236,E170,1703110149
334fbf6b,272,0,8,E75L,YYZ,DFW,AA,1,32.8791,-97.032,Embraer E175LR,236,E75L,1703110149
334fe21a,132,10325,343,E75L,MCI,LGA,DL,0,40.6326,-75.1014,Embraer E175LR,236,E75L,1703110148
334feab1,47,12100,343,E75L,EYW,LGA,AA,0,39.9757,-74.82,Embraer E175LR,236,E75L,1703110149
334ffaf7,140,8275,265,E75L,SEA,LAX,AA,0,34.1805,-118.9081,Embraer E175LR,236,E75L,1703110150
33500c86,305,26950,392,E75L,DOM,MIA,AA,0,24.0062,-77.467,Embraer E175LR,236,E75L,1703110150
335011dc,198,3700,192,E75L,LAS,SJD,AS,0,23.3502,-109.7345,Embraer E175LR,236,E75L,1703110150
335013bc,135,4825,135,E75L,LAX,BZN,DL,0,45.8026,-111.1867,Embraer E175LL,236,E75L,1703110147
33501a26,332,30000,390,E75L,MIA,DTW,AA,0,40.8885,-82.2086,Embraer E175LR,236,E75L,1703110148
33501adf,116,35000,528,E75L,SMF,AUS,AA,0,32.6216,-103.2267,Embraer E175LR,236,E75L,1703110149
33501bcd,275,0,0,E75L,SEA,YLW,AS,1,49.9519,-119.3802,Embraer E175LR,236,E75L,1703110149
33501bd5,326,29950,405,E75L,TUS,PDX,AS,0,45.0474,-120.4093,Embraer E175LR,236,E75L,1703110147
3350218d,70,6025,269,E75L,STL,LGA,AA,0,40.5108,-74.2324,Embraer E175LR,236,E75L,1703110147
3350247c,294,34000,411,E75L,ICT,SEA,AS,0,44.1235,-113.7878,Embraer E175LR,236,E75L,1703110147
33502505,36,0,0,E75L,LAS,PDX,AS,1,45.5873,-122.5939,Embraer E175LR,236,E75L,1703110148
3350258a,77,35000,454,E75L,SDF,BOS,AA,0,42.1611,-77.8797,Embraer E175LR,236,E75L,1703110149
33502637,255,32000,434,E75L,DCA,TUL,AA,0,37.0645,-93.3216,Embraer E175LR,236,E75L,1703110148
33502658,24,27000,470,E75L,ZIH,DFW,AA,0,31.7875,-97.9519,Embraer E175LR,236,E75L,1703110149
3350296e,22,0,0,E75L,SEA,HDN,AS,1,40.4839,-107.2194,Embraer E175LR,236,E75L,1703110093
335029f8,97,5675,236,E75L,STL,BOS,AA,0,42.467,-71.0093,Embraer E175LR,236,E75L,1703110149
33502a35,45,0,0,E75L,RDU,EWR,UA,1,40.6972,-74.1796,Embraer E175LR,236,E75L,1703110150
33502b2c,35,33000,424,E75L,CLT,LGA,DL,0,35.9085,-79.2214,Embraer E175LR,236,E75L,1703110148
33502d23,95,37000,486,E75L,MCI,BOS,DL,0,42.7898,-74.4253,Embraer E175LR,236,E75L,1703110147
33502d95,346,8425,237,E75L,SNA,BZN,AS,0,45.7131,-111.2651,Embraer E175LR,236,E75L,1703110148
33502e97,210,0,12,E75L,ORD,JFK,DL,1,40.6392,-73.7688,Embraer E175LR,236,E75L,1703110149
33502e9b,133,33000,512,E75L,SLC,IAH,UA,0,32.5847,-97.8201,Embraer E175LR,236,E75L,1703110147
33502f27,324,1900,193,E75L,ABQ,LAX,DL,0,33.8316,-118.718,Embraer E175LR,236,E75L,1703110149
33502f71,54,800,123,E75L,AUS,RSW,AA,0,26.4942,-81.8194,Embraer E175LR,236,E75L,1703110150
3350300a,250,6300,182,E75L,MSP,RAP,DL,0,43.9857,-102.8475,Embraer E175LR,236,E75L,1703110150
335030f7,341,17700,377,E75L,MIA,SDF,AA,0,37.2962,-84.7989,Embraer E175LR,236,E75L,1703110149
3350312c,270,0,21,E75L,TLH,DFW,AA,1,32.8786,-97.02,Embraer E175LR,236,E75L,1703110149
3350345d,4,21800,379,E75L,PSP,PDX,AS,0,44.4843,-122.7199,Embraer E175LR,236,E75L,1703110150
33503479,226,2675,224,E75L,IND,BOS,AA,0,42.4264,-70.7333,Embraer E175LR,236,E75L,1703110148
335034c5,287,34000,363,E75L,EIS,MIA,AA,0,23.7251,-75.9954,Embraer E175LR,236,E75L,1703110147
335035ab,10,0,0,E75L,SJC,SEA,DL,1,47.4457,-122.3136,Embraer E175LR,236,E75L,1703110142
33503833,47,11475,372,E75L,COS,ORD,UA,0,41.7262,-89.0891,Embraer E175LR,236,E75L,1703110150
33503948,284,0,2,E75L,IND,EWR,UA,1,40.6953,-74.1707,Embraer E175LR,236,E75L,1703110148
33503a27,33,35000,470,E75L,MTY,ORD,UA,0,37.2706,-92.192,Embraer E175LR,236,E75L,1703110148
33503c6f,181,11200,249,E75L,BOI,DEN,UA,0,39.8226,-104.808,Embraer E175LR,236,E75L,1703110148
33503d1d,225,900,141,E75L,EWR,IND,UA,0,39.7354,-86.2596,Embraer E175LR,236,E75L,1703110148
33503d62,353,35000,453,E75L,EYW,DCA,AA,0,29.2078,-81.3144,Embraer E175LR,236,E75L,1703110150
33503e36,180,34000,430,E75L,FAR,DFW,AA,0,36.204,-97.6004,Embraer E175LR,236,E75L,1703110150
33503e87,180,2375,158,E75L,GJT,DFW,AA,0,33.0184,-97.0541,Embraer E175LR,236,E75L,1703110148
33503f1b,38,9025,295,E75L,DFW,LEX,AA,0,37.6445,-84.5453,Embraer E175LR,236,E75L,1703110149
33503f60,295,0,0,E75L,BOI,DEN,OO,1,43.5515,-116.2001,Embraer E175LR,236,E75L,1703110149
33503fae,20,27225,430,E75L,PBI,DCA,AA,0,36.9112,-77.7688,Embraer E175LR,236,E75L,1703110149
33504017,95,15675,336,E75L,SEA,GEG,DL,0,47.4501,-118.7102,Embraer E175LL,236,E75L,1703110149
3350414e,67,35000,466,E75L,ELP,ORD,AA,0,39.5975,-94.3154,Embraer E175LR,236,E75L,1703110150
33504170,40,25000,360,E75L,LAX,EGE,DL,0,39.2454,-108.8505,Embraer E175LR,236,E75L,1703110149
335041f0,278,30000,366,E75L,IAH,PHX,AA,0,31.8646,-106.6555,Embraer E175LR,236,E75L,1703110149
335042eb,357,35000,433,E75L,HUX,DFW,AA,0,26.0885,-98.2369,Embraer E175LR,236,E75L,1703110149
3350432c,90,300,117,E75L,OKC,ORD,UA,0,41.9657,-87.9212,Embraer E175LR,236,E75L,1703110148
33504368,269,3500,227,E75L,BNA,IAH,UA,0,30.0918,-95.5246,Embraer E175LR,236,E75L,1703110149
3350436a,280,31600,399,E75L,EWR,MKE,UA,0,42.9451,-85.4927,Embraer E175LR,236,E75L,1703110149
335043ae,266,32000,336,E75L,BOS,ORD,AA,0,43.0136,-82.6985,Embraer E175LR,236,E75L,1703110149
335044ba,25,39000,469,E75L,ZIH,IAH,UA,0,26.8221,-97.695,Embraer E175LR,236,E75L,1703110148
335045f1,47,2600,196,E75L,MSN,LGA,DL,0,40.6543,-73.9821,Embraer E175LR,236,E75L,1703110149
33504618,318,10650,338,E75L,CHS,ORD,UA,0,41.3904,-87.2241,Embraer E175LR,236,E75L,1703110150
33504622,359,37000,414,E75L,MIA,CMH,AA,0,35.5324,-82.1194,Embraer E175LR,236,E75L,1703110148
3350465a,65,35000,476,E75L,IAH,LGA,UA,0,34.4939,-83.3805,Embraer E175LR,236,E75L,1703110146
3350467b,66,13350,370,E75L,DFW,SDF,AA,0,38.1568,-86.7276,Embraer E175LR,236,E75L,1703110148
335046d1,358,7450,252,E75L,CLT,TRI,AA,0,36.3482,-82.1837,Embraer E175LR,236,E75L,1703110149
3350477d,270,0,17,E75L,YYZ,ORD,UA,1,41.9868,-87.9121,Embraer E175LR,236,E75L,1703110148
335047ff,28,30800,421,E75L,BNA,JFK,AA,0,39.067,-74.8185,Embraer E175LR,236,E75L,1703110149
335048fd,25,2575,151,E75L,CMH,EWR,UA,0,40.5353,-74.2645,Embraer E175LR,236,E75L,1703110148
3350491c,66,35000,462,E75L,PHX,OMA,AA,0,39.3236,-103.7813,Embraer E175LR,236,E75L,1703110149
3350498e,32,6150,203,E75L,PDX,SFO,AS,0,37.7513,-122.4857,Embraer E175LR,236,E75L,1703110150
33504a0f,253,0,8,E75L,SEA,EUG,DL,1,47.4637,-122.3073,Embraer E175LL,236,E75L,1703110149
33504a1b,78,35000,499,E75L,DFW,BHM,AA,0,33.1149,-93.5885,Embraer E175LR,236,E75L,1703110149
33504b2f,227,34000,395,E75L,FSD,PHX,AA,0,37.3109,-106.4174,Embraer E175LR,236,E75L,1703110148
33504b57,70,35000,480,E75L,PHX,MCI,AA,0,36.7484,-101.4262,Embraer E175LR,236,E75L,1703110150
33504bad,84,0,1,E75L,PHX,LAX,DL,1,33.9474,-118.4099,Embraer E175LL,236,E75L,1703110149
33504bb4,275,0,15,E75L,PSP,SFO,AS,1,37.6136,-122.3797,Embraer E175LR,236,E75L,1703110150
33504bf7,238,34000,427,E75L,LGA,TYS,AA,0,36.9905,-81.0975,Embraer E175LR,236,E75L,1703110147
33504c2c,5,9775,295,E75L,SMF,SEA,AS,0,47.2689,-122.468,Embraer E175LR,236,E75L,1703110150
33504c8a,180,4200,217,E75L,MSO,SEA,AS,0,47.6581,-122.3163,Embraer E175LR,236,E75L,1703110148
33504d6a,299,36000,437,E75L,TUS,SFO,UA,0,35.0162,-118.8809,Embraer E175LL,236,E75L,1703110149
33504dab,178,36000,423,E75L,BIS,DFW,AA,0,37.5353,-97.5821,Embraer E175LR,236,E75L,1703110150
33504e95,98,0,9,E75L,SMF,LAX,AA,1,33.9383,-118.4049,Embraer E175LR,236,E75L,1703110149
33504e96,282,3850,141,E75L,SEA,HLN,AS,0,46.6034,-111.9653,Embraer E175LR,236,E75L,1703110147
33504ea9,84,33000,487,E75L,MEM,LGA,AA,0,41.0797,-80.4254,Embraer E175LR,236,E75L,1703110149
33505044,226,32750,410,E75L,JAC,LAX,DL,0,34.8678,-115.9055,Embraer E175LL,236,E75L,1703110150
33505048,303,9575,328,E75L,LGA,CVG,AA,0,38.6638,-84.0187,Embraer E175LR,236,E75L,1703110149
33505072,84,0,19,E75L,SFO,LAX,AA,1,33.9384,-118.4121,Embraer E175LR,236,E75L,1703110149
3350514c,237,34000,428,E75L,LGA,IAH,UA,0,36.4722,-82.128,N/A,N/A,E75L,1703110148
335051bd,140,37100,409,E75L,EUG,SAN,AS,0,36.0588,-120.8308,Embraer E175LR,236,E75L,1703110147
33505261,58,33000,468,E75L,SFO,JAC,UA,0,42.0227,-113.1191,Embraer E175LR,236,E75L,1703110148
3350532b,270,0,19,E75L,TUL,ORD,UA,1,41.9674,-87.9139,Embraer E175LR,236,E75L,1703110150
335053d3,267,5450,264,E75L,GSP,ORD,UA,0,41.8827,-88.0387,N/A,N/A,E75L,1703110147
33505422,202,3600,282,E75L,YYZ,LGA,AA,0,40.808,-73.6665,Embraer E175LR,236,E75L,1703110149
33505435,246,34000,379,E75L,MCI,PHX,AA,0,36.9143,-103.7025,N/A,N/A,E75L,1703110148
33505460,266,8025,262,E75L,STL,DFW,AA,0,33.2825,-96.6653,Embraer E175LR,236,E75L,1703110150
33505505,103,27000,462,E75L,DFW,TLH,AA,0,31.0422,-87.6892,Embraer E175LR,236,E75L,1703110147
3350550d,29,18900,406,E75L,BHM,ORD,UA,0,41.3298,-89.3734,Embraer E175LR,236,E75L,1703110148
33505525,358,34000,443,E75L,MIA,CVG,AA,0,32.2969,-84.0364,Embraer E175LR,236,E75L,1703110149
33505553,66,35000,433,E75L,LAX,SUN,UA,0,38.2464,-117.5205,Embraer E175LL,236,E75L,1703110150
335057cd,103,25000,433,E75L,SJC,PHX,AA,0,33.4465,-114.0024,N/A,N/A,E75L,1703110149
335058fb,311,30000,445,E75L,ABQ,PDX,AS,0,40.9991,-112.2027,N/A,N/A,E75L,1703110150
33505902,141,37000,476,E75L,ORD,CAE,UA,0,35.8418,-82.9264,N/A,N/A,E75L,1703110148
33505934,68,9600,313,E75L,ICT,ORD,UA,0,41.9151,-88.7449,Embraer E175LR,236,E75L,1703110147
3350598f,4,10150,271,E75L,PSP,SLC,DL,0,40.3167,-111.936,Embraer E175LR,236,E75L,1703110148
335059b1,316,34000,430,E75L,PHX,PAE,AS,0,39.6497,-115.2712,N/A,N/A,E75L,1703110148
33505a02,155,2675,180,E75L,MSP,MDW,DL,0,44.8316,-93.218,Embraer E175LR,236,E75L,1703110147
33505ab9,61,0,0,E75L,SEA,RDM,DL,1,44.2511,-121.1622,Embraer E175LR,236,E75L,1703110146
33505abb,309,19250,346,E75L,JFK,YYZ,DL,0,43.0611,-78.95,Embraer E175LR,236,E75L,1703110149
33505b36,198,30000,383,E75L,BZN,LAX,AS,0,39.9333,-112.6536,Embraer E175LR,236,E75L,1703110149
33505b7b,299,30000,426,E75L,AXA,MIA,AA,0,21.512,-70.9054,Embraer E175LR,236,E75L,1703110147
33505c09,24,16700,404,E75L,AUS,ORD,AA,0,35.7221,-94.2895,Embraer E175LR,236,E75L,1703110149
33505dba,172,33000,457,E75L,OMA,IAH,UA,0,34.5713,-97.1648,Embraer E175LR,236,E75L,1703110147
33505f01,281,36000,423,E75L,AVL,DEN,UA,0,36.5071,-89.4919,N/A,N/A,E75L,1703110146
33505f25,331,38000,454,E75L,LAX,ACV,UA,0,37.4995,-122.1734,Embraer E175LL,236,E75L,1703110148
33506058,249,20025,344,E75L,EWR,CMH,UA,0,39.7937,-81.5524,N/A,N/A,E75L,1703110148
33506080,241,0,1,E75L,IAD,JFK,DL,1,40.6429,-73.7773,Embraer E175LR,236,E75L,1703110148
33506099,81,35000,452,E75L,SLC,OMA,DL,0,42.0086,-104.3221,Embraer E175LR,236,E75L,1703110147
33506161,250,34000,430,E75L,SAV,IAH,UA,0,30.3484,-89.6299,Embraer E175LR,236,E75L,1703110149
33506265,114,4650,149,E75L,SEA,BOI,DL,0,43.6107,-116.3623,Embraer E175LL,236,E75L,1703110148
335062a1,353,4750,288,E75L,IAH,XNA,UA,0,36.0219,-94.3828,Embraer E175LR,236,E75L,1703110149
335062ae,304,17100,340,E75L,TUL,DEN,UA,0,39.416,-103.9442,Embraer E175LR,236,E75L,1703110150
3350631c,228,36000,396,E75L,SLC,LAX,UA,0,35.6743,-114.8524,Embraer E175LR,236,E75L,1703110149
3350633f,319,17075,385,E75L,LAX,SFO,AA,0,36.8356,-121.9928,N/A,N/A,E75L,1703110149
3350634b,177,3350,173,E75L,BUR,SFO,AS,0,37.7688,-122.2832,N/A,N/A,E75L,1703110149
3350635e,255,21400,333,E75L,OMA,DEN,UA,0,40.2088,-103.7693,N/A,N/A,E75L,1703110149
335063cb,54,35000,482,E75L,LAX,OMA,AA,0,36.2299,-114.7458,Embraer E175LR,236,E75L,1703110149
33506415,227,0,0,E75L,IAD,N/A,YX,1,38.9491,-77.441,Embraer E175LR,236,E75L,1703110149
3350644a,262,11125,302,E75L,TUS,SNA,AS,0,33.845,-117.2103,Embraer E175LR,236,E75L,1703110149
335064c6,144,35000,400,E75L,STS,SAN,AS,0,34.747,-119.2218,Embraer E175LR,236,E75L,1703110148
33506547,98,35000,502,E75L,ORD,LGA,UA,0,41.3072,-78.9834,Embraer E175LR,236,E75L,1703110149
3350664e,136,23625,383,E75L,SFO,SNA,AS,0,34.295,-118.9209,N/A,N/A,E75L,1703110149
3350668b,193,26900,396,E75L,BZN,SAN,AS,0,44.8886,-111.9438,Embraer E175LR,236,E75L,1703110148
33506745,10,36000,445,E75L,SFO,GEG,UA,0,41.953,-121.356,Embraer E175LL,236,E75L,1703110149
3350675b,112,35000,472,E75L,EUG,SLC,DL,0,42.7318,-114.3646,Embraer E175LL,236,E75L,1703110149
33506797,90,0,0,E75L,PSP,AUS,AA,1,33.8185,-116.4992,Embraer E175LR,236,E75L,1703110146
335067dd,250,22000,363,E75L,EWR,PIT,UA,0,39.9882,-77.8936,Embraer E175LR,236,E75L,1703110147
335067fe,123,7225,266,E75L,SFO,BFL,UA,0,35.7605,-119.6059,N/A,N/A,E75L,1703110148
33506838,299,38000,338,E75L,EIS,MIA,AA,0,21.058,-70.0453,N/A,N/A,E75L,1703110150
3350684c,99,27025,468,E75L,DAY,LGA,AA,0,41.1291,-77.4625,Embraer E175LR,236,E75L,1703110150
33506982,20,37000,466,E75L,ZLO,DFW,AA,0,24.9837,-101.1576,N/A,N/A,E75L,1703110148
3350698e,288,36000,399,E75L,BIL,SEA,AS,0,46.91,-113.1464,Embraer E175LR,236,E75L,1703110149
33506a10,166,4575,250,E75L,PIT,EWR,UA,0,40.6507,-74.5711,Embraer E175LR,236,E75L,1703110150
33506a56,148,35000,443,E75L,BOI,PHX,AA,0,38.9641,-114.2875,Embraer E175LR,236,E75L,1703110149
33506a61,91,35000,453,E75L,RNO,AUS,AA,0,38.375,-113.5516,N/A,N/A,E75L,1703110149
33506aa9,178,17725,376,E75L,SEA,MFR,AS,0,43.2672,-123.0426,Embraer E175LR,236,E75L,1703110150
33506b97,297,20200,392,E75L,LAS,SMF,DL,0,38.9873,-120.2646,Embraer E175LR,236,E75L,1703110148
33506bbc,284,34000,424,E75L,GSP,DEN,UA,0,36.2443,-89.0072,Embraer E175LL,236,E75L,1703110147
33506bc2,95,11175,332,E75L,CMH,PHL,AA,0,40.1005,-76.0073,Embraer E175LR,236,E75L,1703110148
33506cbc,197,34000,393,E75L,DSM,IAH,UA,0,36.3379,-95.6439,Embraer E175LR,236,E75L,1703110150
33506cd3,32,35000,478,E75L,BUR,SLC,DL,0,37.1804,-114.1047,N/A,N/A,E75L,1703110148
33506e3e,332,32000,462,E75L,LAX,SMF,DL,0,36.935,-120.0243,Embraer E175LR,236,E75L,1703110149
33506e97,317,0,0,E75L,DCA,N/A,YX,1,38.8576,-77.0425,Embraer E175LR,236,E75L,1703110148
33506ed2,85,28025,468,E75L,ORD,ROC,AA,0,42.3664,-81.722,N/A,N/A,E75L,1703110150
33506f7b,3,36000,403,E75L,SMF,SEA,DL,0,42.5539,-122.0634,N/A,N/A,E75L,1703110150
33507012,83,35000,510,E75L,AUS,JAX,AA,0,30.5034,-91.0948,Embraer E175LR,236,E75L,1703110148
33507022,357,36000,431,E75L,SJC,PDX,AS,0,42.0455,-122.6094,N/A,N/A,E75L,1703110150
3350705f,294,34000,434,E75L,GNV,DFW,AA,0,31.9903,-87.8131,N/A,N/A,E75L,1703110148
335070fc,108,35000,440,E75L,SLC,TUL,DL,0,39.6682,-106.6009,Embraer E175LR,236,E75L,1703110149
33507164,84,31000,470,E75L,DFW,HSV,AA,0,33.3548,-91.6444,Embraer E175LR,236,E75L,1703110149
33507220,335,34025,413,E75L,ZLO,PHX,AA,0,23.9246,-107.0228,Embraer E175LR,236,E75L,1703110149
335072e7,246,32000,401,E75L,JFK,CVG,AA,0,39.0654,-78.5405,Embraer E175LR,236,E75L,1703110148
335073f4,179,6325,289,E75L,LGA,IAD,UA,0,39.3866,-77.3632,Embraer E175LR,236,E75L,1703110149
3350742a,219,0,0,E75L,SFO,MRY,UA,1,37.6211,-122.387,N/A,N/A,E75L,1703110149
33507468,340,3700,240,E75L,CID,MSP,DL,0,44.9202,-93.5696,Embraer E175LR,236,E75L,1703110148
33507490,193,36000,426,E75L,DFW,QRO,AA,0,28.7721,-97.6344,Embraer E175LR,236,E75L,1703110148
33507547,212,36000,409,E75L,MLI,DFW,AA,0,38.3727,-92.4839,Embraer E175LR,236,E75L,1703110148
33507598,356,16625,385,E75L,SFO,RDM,N/A,0,38.072,-122.0935,Embraer E175LL,236,E75L,1703110148
335075a0,154,27000,387,E75L,GTF,DEN,UA,0,44.0376,-109.0562,Embraer E175LR,236,E75L,1703110148
335075a6,357,19150,384,E75L,SFO,PAE,AS,0,38.2191,-122.105,Embraer E175LR,236,E75L,1703110148
335075e1,308,34000,389,E75L,SDF,MSP,DL,0,40.3531,-89.0728,Embraer E175LR,236,E75L,1703110149
33507648,321,3175,273,E75L,MSP,FAR,DL,0,46.8184,-96.595,Embraer E175LR,236,E75L,1703110148
3350768a,320,32000,439,E75L,HSV,ORD,UA,0,37.3983,-89.6041,Embraer E175LR,236,E75L,1703110148
335076a3,186,36000,403,E75L,BZN,LAX,AA,0,42.8565,-112.3963,Embraer E175LR,236,E75L,1703110148
3350782d,330,24200,403,E75L,LAX,RDD,UA,0,34.8435,-118.8164,N/A,N/A,E75L,1703110147
33507836,86,29350,506,E75L,OMA,ORD,UA,0,42.4548,-91.4809,Embraer E175LR,236,E75L,1703110149
335078d5,220,34000,345,E75L,HDN,SAN,AS,0,38.9401,-108.7018,Embraer E175LR,236,E75L,1703110147
335078dc,301,30000,442,E75L,LAX,SJC,DL,0,35.3114,-119.5927,Embraer E175LR,236,E75L,1703110148
33507941,164,4425,252,E75L,CLT,HHH,AA,0,32.3537,-81.0682,Embraer E175LR,236,E75L,1703110149
3350795e,299,28000,401,E75L,EWR,YYZ,UA,0,41.9378,-75.6047,Embraer E175LR,236,E75L,1703110148
335079a7,15,23950,432,E75L,ANC,FAI,AS,0,63.339,-148.9534,N/A,N/A,E75L,1703110147
335079d1,296,34000,416,E75L,PHX,PDX,AS,0,35.1753,-114.1173,Embraer E175LR,236,E75L,1703110150
33507acb,241,34000,434,E75L,EWR,SDF,UA,0,39.6618,-77.8499,Embraer E175LR,236,E75L,1703110149
33507b3d,58,33425,428,E75L,OAK,SLC,DL,0,38.8703,-120.1826,Embraer E175LR,236,E75L,1703110148
33507b68,102,31000,510,E75L,FSD,ORD,UA,0,43.1993,-91.742,N/A,N/A,E75L,1703110149
33507b85,107,35000,459,E75L,IDA,DEN,UA,0,41.3363,-108.1783,Embraer E175LR,236,E75L,1703110150
33507b8d,100,31000,496,E75L,CLE,EWR,UA,0,41.4685,-77.6578,Embraer E175LR,236,E75L,1703110147
33507bba,73,7475,290,E75L,SEA,GEG,AS,0,47.4912,-117.9908,N/A,N/A,E75L,1703110148
33507cf4,85,4475,193,E75L,ORD,GRR,UA,0,42.7629,-85.3935,Embraer E175LR,236,E75L,1703110150
33507de6,245,32000,445,E75L,IAD,AUS,AA,0,37.4872,-80.0777,Embraer E175LR,236,E75L,1703110149
33507e57,237,19225,340,E75L,CMI,DFW,AA,0,39.6087,-89.0162,Embraer E175LR,236,E75L,1703110150
33507eda,289,1425,128,E75L,SEA,YKM,AS,0,46.5584,-120.5032,Embraer E175LR,236,E75L,1703110148
33507f4b,41,23000,390,E75L,IAD,LGA,UA,0,39.2142,-75.5373,Embraer E175LR,236,E75L,1703110147
33508012,48,31000,461,E75L,ONT,SLC,DL,0,35.4297,-116.0579,Embraer E175LR,236,E75L,1703110150
33508028,24,32525,440,E75L,QRO,IAH,UA,0,22.2763,-98.8759,Embraer E175LR,236,E75L,1703110150
3350807a,273,34000,415,E75L,PWM,ORD,UA,0,43.0478,-75.0426,N/A,N/A,E75L,1703110149
335080b4,8,35000,438,E75L,MIA,RIC,AA,0,27.7329,-78.9971,N/A,N/A,E75L,1703110149
335080f5,222,23775,370,E75L,BMI,DFW,AA,0,39.7315,-89.7749,Embraer E175LR,236,E75L,1703110150
33508173,47,25000,434,E75L,ORF,LGA,AA,0,38.2162,-76.5005,Embraer E175LR,236,E75L,1703110148
335081c1,135,11075,306,E75L,LAX,SAN,DL,0,33.2069,-117.5032,Embraer E175LL,236,E75L,1703110148
33508220,304,22000,366,E75L,ALW,SEA,AS,0,46.7358,-120.7915,N/A,N/A,E75L,1703110149
335082b6,290,34000,380,E75L,LGA,ORD,DL,0,41.6449,-76.0753,Embraer E175LR,236,E75L,1703110150
335082f1,122,29225,422,E75L,SLC,OKC,DL,0,40.3939,-110.4195,Embraer E175LR,236,E75L,1703110147
3350835e,285,9050,252,E75L,YUL,ORD,UA,0,45.4308,-74.0271,Embraer E175LR,236,E75L,1703110149
335083b9,266,34000,399,E75L,LEX,DEN,UA,0,37.8456,-88.2,Embraer E175LR,236,E75L,1703110148
3350842a,92,25900,456,E75L,PNS,MIA,AA,0,30.7926,-85.3749,Embraer E175LR,236,E75L,1703110148
33508460,92,0,22,E75L,BIL,DFW,AA,1,45.8048,-108.5323,Embraer E175LR,236,E75L,1703110149
335084d6,262,23325,393,E75L,ORD,OMA,UA,0,41.8718,-89.5024,Embraer E175LR,236,E75L,1703110149
335084ed,186,18000,405,E75L,CLT,SAV,AA,0,33.5737,-81.0949,Embraer E175LR,236,E75L,1703110150
33508520,221,32000,443,E75L,DTW,IAH,UA,0,39.8754,-85.3072,Embraer E175LR,236,E75L,1703110150
3350858b,139,23125,393,E75L,SEA,ELP,AS,0,46.3532,-121.7331,Embraer E175LR,236,E75L,1703110149
335085cc,286,27200,412,E75L,TYS,DEN,UA,0,36.336,-85.8365,Embraer E175LL,236,E75L,1703110148
335086c4,169,20375,355,E75L,MKE,IAH,UA,0,42.1529,-88.0732,N/A,N/A,E75L,1703110150
335086d6,260,11000,318,E75L,DTW,MDW,DL,0,41.5267,-86.375,Embraer E175LR,236,E75L,1703110150
335086f7,295,32000,367,E75L,BHM,DEN,UA,0,34.7763,-89.2213,Embraer E175LL,236,E75L,1703110147
33508706,128,37000,435,E75L,SUN,DEN,UA,0,42.119,-111.3701,N/A,N/A,E75L,1703110148
3350884a,89,35000,470,E75L,SDF,LGA,DL,0,38.0701,-82.7946,N/A,N/A,E75L,1703110149
3350886d,186,21275,395,E75L,DFW,MFE,AA,0,32.1044,-97.2102,Embraer E175LR,236,E75L,1703110147
335088a3,62,10725,302,E75L,MIA,FPO,AA,0,26.2008,-79.4399,N/A,N/A,E75L,1703110149
335088d6,262,20850,338,E75L,ORD,MCI,UA,0,41.7928,-88.8384,Embraer E175LR,236,E75L,1703110147
335088e2,311,26925,371,E75L,MIA,MSY,AA,0,26.5174,-80.8834,Embraer E175LR,236,E75L,1703110148
33508a7e,274,15925,357,E75L,MGM,DFW,AA,0,32.2712,-86.8555,N/A,N/A,E75L,1703110148
33508a9e,305,3000,226,E75L,SAN,EUG,AS,0,32.7701,-117.2685,N/A,N/A,E75L,1703110147
33508b02,211,21250,350,E75L,PSC,SFO,UA,0,45.565,-119.529,Embraer E175LR,236,E75L,1703110148
33508b81,297,22400,361,E75L,HSV,DEN,UA,0,34.8493,-87.8269,Embraer E175LR,236,E75L,1703110148
33508b9a,268,30950,394,E75L,TUL,LAX,AA,0,35.3573,-97.7062,Embraer E175LR,236,E75L,1703110148
33508ba6,288,14925,323,E75L,OKC,LAX,AA,0,35.4769,-98.2062,Embraer E175LR,236,E75L,1703110149
33508bb0,48,28075,415,E75L,DSM,ORD,UA,0,42.4209,-92.2178,N/A,N/A,E75L,1703110147
33508bf0,298,0,0,E75L,SFO,SNA,UA,1,37.6226,-122.3891,N/A,N/A,E75L,1703110148
33508c1b,9,0,13,E75L,SEA,PDX,DL,1,47.4606,-122.3062,Embraer E175LR,236,E75L,1703110149
33508c1e,9,27000,426,E75L,BJX,IAH,UA,0,21.9651,-100.9812,Embraer E175LR,236,E75L,1703110148
33508c96,68,15100,392,E75L,ORD,DTW,UA,0,42.4912,-87.7482,Embraer E175LR,236,E75L,1703110149
33508ced,33,425,143,E75L,JFK,BUF,DL,0,40.6451,-73.7671,Embraer E175LR,236,E75L,1703110147
33508da7,255,0,9,E75L,SEA,RDM,DL,1,47.44,-122.3034,Embraer E175LR,236,E75L,1703110149
33508da9,315,0,0,E75L,ORD,YYZ,UA,1,41.9829,-87.9263,Embraer E175LR,236,E75L,1703110141
33508dbd,228,20400,380,E75L,EVV,DFW,AA,0,37.577,-88.2698,Embraer E175LR,236,E75L,1703110149
33508dce,264,0,15,E75L,LAX,PDX,AA,1,33.9461,-118.4294,Embraer E175LR,236,E75L,1703110149
33508dd8,90,600,144,E75L,MLI,ORD,UA,0,41.4489,-90.5024,Embraer E175LR,236,E75L,1703110150
33508e2f,105,3925,251,E75L,LAX,SBA,UA,0,33.9223,-118.2892,Embraer E175LR,236,E75L,1703110148
33508e76,59,23500,436,E75L,XNA,ORD,AA,0,36.9398,-94.229,N/A,N/A,E75L,1703110149
33508ed5,278,0,9,E75L,SEA,YVR,DL,1,47.4406,-122.3016,Embraer E175LL,236,E75L,1703110149
33508f9b,42,17625,353,E75L,PIT,JFK,DL,0,40.9915,-80.0134,Embraer E175LR,236,E75L,1703110150
33509053,39,0,0,E75L,PDX,OAK,AS,1,45.587,-122.5935,Embraer E175LR,236,E75L,1703110147
33509129,340,0,0,E75L,SFO,RDM,AS,1,37.6181,-122.3796,Embraer E175LR,236,E75L,1703110149
33509130,261,10475,326,E75L,TRI,DFW,AA,0,36.4081,-82.7455,Embraer E175LR,236,E75L,1703110150
33509204,5,0,13,E75L,SEA,PDX,AS,1,47.4595,-122.3062,N/A,N/A,E75L,1703110149
33509257,118,0,23,E75L,PDX,TUS,AS,1,45.5865,-122.5775,Embraer E175LR,236,E75L,1703110150
33509338,14,0,0,E75L,IAD,YYZ,UA,1,38.945,-77.4464,Embraer E175LR,236,E75L,1703110138
335093a0,28,0,0,E75L,SFO,RNO,UA,1,37.6203,-122.3852,Embraer E175LR,236,E75L,1703110148
335093f8,312,0,16,E75L,SAT,LAX,AA,1,29.5329,-98.4762,Embraer E175LR,236,E75L,1703110149
3350948d,185,0,14,E75L,AUS,SAN,AS,1,30.2004,-97.6639,N/A,N/A,E75L,1703110149
33509525,303,0,11,E75L,MSP,OMA,DL,1,44.885,-93.2057,N/A,N/A,E75L,1703110150
33509552,1,17325,387,E75L,HRL,DFW,AA,0,26.7347,-97.4693,Embraer E175LR,236,E75L,1703110148
335095a0,28,0,0,E75L,SFO,BZN,AS,1,37.6191,-122.3828,Embraer E175LR,236,E75L,1703110150
33509610,343,0,0,E75L,ICT,DFW,AA,1,37.661,-97.4328,N/A,N/A,E75L,1703110149
3350965a,357,0,12,E75L,SEA,BOI,AS,1,47.4445,-122.3063,N/A,N/A,E75L,1703110150
3350973e,11,0,1,E75L,BUR,SFO,UA,1,34.1952,-118.3551,Embraer E175LR,236,E75L,1703110082
33509789,180,0,0,E75L,IAD,CMH,UA,1,38.946,-77.4547,Embraer E175LR,236,E75L,1703110144
335097b4,140,0,0,E75L,JFK,CMH,AA,1,40.6507,-73.7925,Embraer E175LR,236,E75L,1703110147
335098f1,354,0,0,E75L,SLC,N/A,OO,1,40.7853,-111.9827,Embraer E175LR,236,E75L,1703110148
33509946,354,0,0,E75L,PHX,SFO,AA,1,33.4371,-111.9958,Embraer E175LR,236,E75L,1703110149
33509964,286,0,1,E75L,SFO,LAX,AS,1,37.6163,-122.382,Embraer E175LR,236,E75L,1703110150
33509986,146,0,0,E75L,LGA,IAH,UA,1,40.7749,-73.8695,Embraer E175LR,236,E75L,1703110146
335099c1,298,4300,223,E75L,CVG,EWR,UA,0,39.0507,-84.7889,Embraer E175LR,236,E75L,1703110147
335099dc,70,0,1,E75L,SLC,IAH,UA,1,40.7876,-111.9879,N/A,N/A,E75L,1703110138
335099fd,289,0,0,E75L,SFO,BZN,UA,1,37.6202,-122.3866,Embraer E175LL,236,E75L,1703110148
33509a3d,182,0,0,E75L,YOW,ORD,UA,1,45.3239,-75.67,Embraer E175LR,236,E75L,1703110145
33509a45,78,0,0,E75L,SUN,N/A,N/A,1,43.5074,-114.3019,Embraer E175LL,236,E75L,1703110139
334ff27e,74,21700,434,E75S,AUS,PHL,AA,0,38.7383,-76.5872,Embraer E175LR,236,E75S,1703110148
334ff9e0,344,12,1,E75S,ORD,LGA,DL,1,40.7732,-73.8647,Embraer E175LR,236,E75S,1703110150
33500228,276,9550,309,E75S,BOS,DCA,DL,0,38.7876,-76.421,Embraer E175LR,236,E75S,1703110149
33501af7,265,20275,375,E75S,JFK,IND,AA,0,40.1719,-85.1398,N/A,N/A,E75S,1703110147
33502401,180,550,125,E75S,BOS,CVG,DL,0,39.0578,-84.6467,Embraer E175LR,236,E75S,1703110140
33503307,300,0,0,E75S,CLT,BOS,DL,1,42.3595,-71.0207,N/A,N/A,E75S,1703110107
33503504,222,2150,161,E75S,JFK,BNA,DL,0,36.2259,-86.606,Embraer E175LR,236,E75S,1703110150
33503767,269,23825,368,E75S,JFK,MKE,DL,0,43.1689,-86.0786,Embraer E175LR,236,E75S,1703110148
33503920,249,17300,358,E75S,JFK,ORD,DL,0,42.547,-86.7742,Embraer E175LR,236,E75S,1703110149
33503e26,354,13000,342,E75S,PTY,N/A,S6,0,18.613,-72.274,Embraer E175STD,64,E75S,1703110150
33504158,115,0,0,E75S,JFK,CLE,AA,1,41.4104,-81.8422,Embraer E175LR,236,E75S,1703110149
33504806,239,34000,425,E75S,JFK,BNA,AA,0,37.4172,-84.03,N/A,N/A,E75S,1703110148
33504882,85,33000,491,E75S,XNA,LGA,AA,0,41.0385,-81.8712,N/A,N/A,E75S,1703110149
33504f38,99,26750,468,E75S,BNA,LGA,AA,0,41.0592,-76.9304,Embraer E175LR,236,E75S,1703110148
33505279,180,2200,156,E75S,PHL,CVG,AA,0,39.1871,-84.6461,Embraer E175LR,236,E75S,1703110147
33505325,212,3600,220,E75S,BOS,LGA,DL,0,40.7347,-74.0155,Embraer E175LR,236,E75S,1703110147
33505e28,295,3300,192,E75S,AMS,WRO,KL,0,51.0292,17.1248,Embraer E175STD,155,E75S,1703110149
33505fb4,307,24300,338,E75S,JFK,YYZ,AC,0,42.8879,-78.6569,Embraer E175SU,40,E75S,1703110148
335060b6,268,1850,120,E75S,CPH,AMS,KL,0,52.323,4.9322,N/A,N/A,E75S,1703110147
33506283,3,0,44,E75S,JFK,IAD,DL,1,38.9414,-77.4362,Embraer E175LR,236,E75S,1703110147
335066a5,256,32000,437,E75S,LGA,LIT,AA,0,38.7953,-79.4479,Embraer E175LR,236,E75S,1703110149
33506957,90,37000,415,E75S,YUL,YSJ,AC,0,45.3753,-69.6706,N/A,N/A,E75S,1703110149
33506ccf,174,0,0,E75S,BTV,DCA,AA,1,44.471,-73.1536,Embraer E175LR,236,E75S,1703110146
33506d07,243,34000,418,E75S,DCA,BNA,DL,0,37.8238,-82.7867,Embraer E175LR,236,E75S,1703110148
33506fc2,323,0,0,E75S,BWI,BOS,DL,1,39.181,-76.6634,Embraer E175LR,236,E75S,1703110147
33507459,204,18800,405,E75S,LGA,RIC,AA,0,37.9477,-75.7644,Embraer E175LR,236,E75S,1703110148
3350774e,239,31875,409,E75S,LGA,BNA,DL,0,40.0892,-76.358,Embraer E175LR,236,E75S,1703110150
3350792d,57,35000,464,E75S,IND,LGA,AA,0,41.0082,-82.8939,Embraer E175LR,236,E75S,1703110148
33507aab,225,34000,415,E75S,LGA,GSP,AA,0,39.3152,-76.5802,N/A,N/A,E75S,1703110148
33507db8,23,35000,432,E75S,DCA,YUL,AC,0,40.9849,-74.5439,Embraer E175SU,40,E75S,1703110149
33507eff,114,25000,451,E75S,BUF,LGA,AA,0,42.538,-75.4478,Embraer E175LR,236,E75S,1703110149
33507f02,54,2925,153,E75S,MSP,DLH,DL,0,46.8445,-92.4377,Embraer E175LR,236,E75S,1703110149
3350821e,87,22275,426,E75S,ORD,YUL,AC,0,42.2997,-86.5474,Embraer E175SU,40,E75S,1703110149
33508264,299,28150,394,E75S,LGA,YYZ,AC,0,41.8384,-75.3668,Embraer E175SU,40,E75S,1703110150
33508383,299,28800,364,E75S,EWR,YYZ,AC,0,41.6917,-75.02,Embraer E175SU,40,E75S,1703110148
3350842b,143,0,0,E75S,CLE,N/A,YX,1,41.4094,-81.8403,N/A,N/A,E75S,1703110079
335084d7,112,24100,434,E75S,YYZ,EWR,AC,0,43.1251,-78.0987,Embraer E175SU,40,E75S,1703110149
33508534,169,525,133,E75S,MSP,ORD,AA,0,44.8749,-93.239,Embraer E175LR,236,E75S,1703110149
3350864c,307,32000,431,E75S,FDF,SDQ,DO,0,15.9322,-62.5081,Embraer E175STD,64,E75S,1703110149
3350870d,209,22575,378,E75S,MSP,MCI,DL,0,44.0352,-93.9344,Embraer E175LR,236,E75S,1703110150
335087c3,106,0,0,E75S,LGA,YYZ,AA,1,40.7758,-73.8744,Embraer E175LR,236,E75S,1703110092
33508824,35,2925,208,E75S,CAE,LGA,AA,0,33.9928,-81.1647,Embraer E175LR,236,E75S,1703110148
3350899e,265,25700,377,E75S,BOS,CVG,AA,0,42.3106,-72.6551,N/A,N/A,E75S,1703110149
33508e4b,120,0,14,E75S,BOS,DCA,DL,1,42.3608,-71.0218,Embraer E175LR,236,E75S,1703110149
33508f44,185,0,0,E75S,BOS,JFK,AA,1,42.3619,-71.0235,Embraer E175LR,236,E75S,1703110146
33508ff4,213,0,13,E75S,LGA,BOS,DL,1,40.7734,-73.8792,Embraer E175LR,236,E75S,1703110150
3350903b,165,0,0,E75S,STR,WAW,LO,1,48.6897,9.2035,Embraer E175LR,176,E75S,1703110150
33509149,355,0,150,E75S,DCA,JFK,DL,0,38.8607,-77.0386,Embraer E175LR,236,E75S,1703110150
33509631,70,0,0,E75S,DCA,BOS,DL,1,38.8533,-77.0407,Embraer E175LR,236,E75S,1703110150
3350982a,244,2200,155,E75S,CLE,ORD,AA,0,41.3851,-81.8914,Embraer E175LR,236,E75S,1703110149
33509830,239,0,0,E75S,JFK,ORF,AA,1,40.6486,-73.7934,Embraer E175LR,236,E75S,1703110148
33509af5,348,0,1,E75S,MSP,YYZ,AC,1,44.8841,-93.2128,Embraer E175SU,40,E75S,1703110149
334f96f3,304,10950,286,E190,N/A,N/A,N/A,0,60.9977,-149.7474,Embraer Lineage 1000,N/A,E190,1703110149
334fc455,239,0,0,E190,MCO,BOS,B6,1,42.3664,-71.0153,Embraer E190AR,236,E190,1703110149
334fcd35,47,0,0,E190,BOS,ORD,B6,1,41.9752,-87.904,Embraer E190AR,236,E190,1703110150
334fe0ea,193,17500,378,E190,BOS,PBI,B6,0,27.6133,-79.7209,Embraer E190AR,236,E190,1703110147
334feba4,38,31725,427,E190,CDG,GOT,AF,0,56.7563,10.6758,Embraer E190LR,76,E190,1703110149
334ffa97,30,0,0,E190,MCO,JFK,B6,1,40.6443,-73.7763,Embraer E190AR,236,E190,1703110103
33501147,316,1150,140,E190,RSW,BOS,B6,0,42.2872,-70.9252,Embraer E190AR,236,E190,1703110148
33501bd7,199,34000,454,E190,BOS,RSW,B6,0,34.6631,-80.4001,Embraer E190AR,236,E190,1703110150
33502038,213,24775,399,E190,BOS,CLT,B6,0,36.1893,-80.1271,N/A,N/A,E190,1703110149
33502094,268,36000,312,E190,PEE,KGD,EO,0,59.7905,37.5162,Embraer E190LR,182,E190,1703110148
335025f3,36,7975,281,E190,ADL,BNE,QF,0,-27.7973,152.8679,Embraer E190AR,14,E190,1703110149
335028e9,38,35000,454,E190,JNB,DAR,4Z,0,-12.4724,34.8639,N/A,N/A,E190,1703110149
33502a09,311,17750,313,E190,MGA,MEX,AM,0,18.7817,-99.2099,N/A,N/A,E190,1703110150
33502d94,20,4300,245,E190,AMS,TRD,KL,0,63.4235,10.5205,N/A,N/A,E190,1703110150
33502f50,44,37000,442,E190,MTY,DTW,5D,0,37.1474,-88.7415,Embraer E190LR,142,E190,1703110149
33503031,247,36000,416,E190,BNE,ADL,QF,0,-34.3819,141.6115,Embraer E190AR,14,E190,1703110147
3350332b,217,36000,438,E190,BOS,JAX,B6,0,35.1835,-78.3332,Embraer E190AR,236,E190,1703110148
335036bc,169,35000,447,E190,EWR,RSW,B6,0,30.0022,-82.0953,Embraer E190AR,236,E190,1703110149
33503b8f,217,36000,438,E190,JFK,JAX,B6,0,35.8863,-77.6643,Embraer E190AR,236,E190,1703110149
335040fa,205,37000,462,E190,OVD,LPA,NT,0,32.5389,-13.4945,Embraer E190LR,83,E190,1703110148
335045f8,227,0,15,E190,HEL,RVN,AY,1,60.3209,24.9631,Embraer E190LR,75,E190,1703110150
335046fe,220,37000,470,E190,AMS,OPO,KL,0,43.6986,-5.9224,Embraer E190STD,155,E190,1703110149
33504839,56,36000,378,E190,LIS,LYS,TP,0,43.4073,0.5102,Embraer E190LR,177,E190,1703110149
33504d3c,87,36000,412,E190,LIS,NCE,TP,0,41.2979,1.7642,Embraer E190LR,177,E190,1703110150
33504f85,300,38000,387,E190,SAL,MEX,AM,0,17.7526,-97.2443,Embraer E190LR,142,E190,1703110148
33505187,174,38000,441,E190,DFW,MEX,AM,0,24.8366,-98.1131,Embraer E190AR,142,E190,1703110150
335051b1,165,35000,480,E190,DRW,ADL,QF,0,-20.3702,133.1894,N/A,N/A,E190,1703110137
33505213,127,34975,450,E190,AMS,BEG,KL,0,46.8465,17.2418,Embraer E190STD,155,E190,1703110148
33505308,30,37000,464,E190,CRD,AEP,AR,0,-35.9817,-60.3185,N/A,N/A,E190,1703110146
33505323,35,6200,242,E190,CDG,BLL,AF,0,55.5596,9.2699,N/A,N/A,E190,1703110147
33505336,341,36000,361,E190,AEP,RHD,AR,0,-28.595,-64.5554,Embraer E190AR,11,E190,1703110151
33505385,64,0,35,E190,MAM,MEX,AM,1,19.4393,-99.0639,Embraer E190LR,142,E190,1703110149
3350544d,265,13475,340,E190,BOS,DCA,B6,0,38.7783,-75.7096,Embraer E190AR,236,E190,1703110149
33505556,209,34000,446,E190,SVX,GYD,J2,0,48.6572,55.2484,Embraer E190AR,16,E190,1703110136
33505561,137,14725,337,E190,AMS,ZAG,KL,0,46.0875,15.1987,Embraer E190STD,155,E190,1703110149
33505722,26,4725,143,E190,MEX,TPQ,AM,0,21.3297,-104.8874,Embraer E190LR,142,E190,1703110149
3350583e,143,0,15,E190,AMS,AAL,KL,1,57.0938,9.8584,Embraer E190STD,155,E190,1703110150
33505ad7,106,20400,370,E190,LIS,VLC,TP,0,39.5887,-1.4726,Embraer E190LR,177,E190,1703110149
33505d90,83,33000,500,E190,MEX,TQO,AM,0,19.7706,-91.0701,N/A,N/A,E190,1703110149
33505e64,78,0,0,E190,BOS,DCA,B6,1,42.3549,-70.9938,Embraer E190AR,236,E190,1703110099
33505e8c,9,33000,416,E190,RSW,DCA,B6,0,33.7236,-78.0111,Embraer E190AR,236,E190,1703110148
33505f81,181,35000,453,E190,TSV,MEL,QF,0,-25.5472,146.2488,Embraer E190AR,14,E190,1703110150
335062ce,284,36000,402,E190,JFK,DTW,B6,0,41.9487,-75.8711,Embraer E190AR,236,E190,1703110148
335064a3,168,11550,258,E190,DGO,MEX,AM,0,19.456,-99.2618,Embraer E190AR,142,E190,1703110150
33506558,227,0,0,E190,MEX,ZLO,AM,1,19.4322,-99.0678,Embraer E190LR,142,E190,1703110145
3350659a,15,33000,458,E190,TPA,PIT,MX,0,33.6724,-81.3452,Embraer E190AR,236,E190,1703110150
33506619,20,35000,479,E190,PER,WWI,NC,0,-26.2432,119.1984,N/A,N/A,E190,1703110149
3350668e,2,35000,427,E190,MEX,AUS,5D,0,23.0849,-98.9363,Embraer E190AR,142,E190,1703110149
335068fb,132,0,12,E190,GYD,TBS,J2,1,41.6688,44.9619,Embraer E190AR,16,E190,1703110150
3350695c,75,26875,430,E190,FRA,WRO,LH,0,50.5221,14.5057,N/A,N/A,E190,1703110149
335069db,263,25775,430,E190,NBO,KGL,KQ,0,-1.8525,31.3144,Embraer E190AR,115,E190,1703110149
335069f4,84,29000,477,E190,BUF,BOS,B6,0,42.6795,-74.8716,Embraer E190AR,236,E190,1703110147
33506a63,161,13000,253,E190,VER,MEX,AM,0,19.5662,-99.3046,Embraer E190LR,142,E190,1703110149
33506cdd,49,33000,455,E190,RDU,BOS,B6,0,40.1622,-74.5053,Embraer E190AR,236,E190,1703110150
33506d53,345,0,0,E190,BOS,N/A,B6,1,42.3674,-71.0142,Embraer E190AR,236,E190,1703110148
33506eae,198,36000,466,E190,BNE,CBR,QF,0,-31.5044,151.6738,Embraer E190AR,14,E190,1703110149
33506fa9,300,0,0,E190,SYR,JFK,B6,1,40.6431,-73.7673,N/A,N/A,E190,1703110144
33507029,317,0,0,E190,VER,NLU,AM,1,19.7331,-99.0235,Embraer E190AR,142,E190,1703110068
33507506,340,0,0,E190,BOS,TPA,B6,1,42.3672,-71.0152,Embraer E190AR,236,E190,1703110148
335076d5,157,39000,412,E190,NBO,ZNZ,KQ,0,-5.4465,38.9453,N/A,N/A,E190,1703110147
33507775,134,37000,460,E190,DRW,MCV,TL,0,-14.0849,133.5842,Embraer E190AR,14,E190,1703110148
3350799d,19,37000,440,E190,NTL,BNE,QF,0,-30.3062,152.7081,Embraer E190AR,14,E190,1703110149
335079ee,324,38000,394,E190,BNE,TSV,QF,0,-24.8056,151.9313,Embraer E190AR,14,E190,1703110150
33507a74,9,16125,349,E190,GYD,SCO,J2,0,43.1194,50.6266,Embraer E190LR,25,E190,1703110148
33507ae3,140,27000,443,E190,MEX,OAX,AM,0,18.3382,-96.8315,Embraer E190LR,142,E190,1703110150
33507b10,174,12350,270,E190,GDL,NLU,AM,0,19.812,-99.2183,N/A,N/A,E190,1703110150
33507b47,62,31000,420,E190,NAJ,GYD,J2,0,39.7143,48.2915,Embraer E190LR,25,E190,1703110148
33507cbf,52,35000,493,E190,CUL,MEX,AM,0,22.9217,-103.7449,Embraer E190AR,142,E190,1703110148
33507de8,309,28000,432,E190,MEX,AGU,AM,0,19.9913,-100.8702,Embraer E190LR,142,E190,1703110148
33507e44,241,36000,408,E190,AEP,RSA,AR,0,-35.8771,-61.8455,Embraer E190AR,11,E190,1703110147
33507f0e,246,40000,421,E190,HEL,CPH,AY,0,59.6407,21.8181,Embraer E190LR,75,E190,1703110148
335080ca,119,21000,372,E190,LIS,SVQ,TP,0,37.7324,-6.4423,N/A,N/A,E190,1703110149
335080d4,64,0,0,E190,BOS,JFK,B6,1,40.6445,-73.7767,N/A,N/A,E190,1703110145
33508111,267,0,0,E190,ATL,JFK,B6,1,33.6438,-84.442,Embraer E190AR,236,E190,1703110122
3350831b,122,15625,296,E190,BJX,MEX,AM,0,19.7152,-99.4861,Embraer E190LR,142,E190,1703110150
3350837d,196,32000,470,E190,DCA,PBI,B6,0,36.6189,-77.0013,Embraer E190AR,236,E190,1703110149
335085d0,320,36475,323,E190,AMS,ABZ,KL,0,53.4686,3.4674,N/A,N/A,E190,1703110150
335085f2,319,24950,352,E190,BNE,DRW,QF,0,-26.9733,152.3949,Embraer E190AR,14,E190,1703110150
335086c3,142,25025,390,E190,ADL,HBA,QF,0,-35.6665,139.7567,N/A,N/A,E190,1703110148
335086ea,145,23000,425,E190,SLP,MEX,AM,0,20.2959,-99.8225,N/A,N/A,E190,1703110148
335086f2,90,9650,192,E190,QRO,MEX,AM,0,19.3666,-99.2005,Embraer E190AR,142,E190,1703110147
335087d5,1,16600,363,E190,PER,BWB,NC,0,-31.4306,115.8542,N/A,N/A,E190,1703110148
335088b7,28,0,0,E190,BWI,BOS,B6,1,39.1799,-76.6669,N/A,N/A,E190,1703110148
33508a57,124,16725,339,E190,BJX,NLU,AM,0,20.2776,-99.5541,Embraer E190LR,142,E190,1703110150
33508bfd,239,0,12,E190,MEX,LMM,AM,1,19.4338,-99.0691,Embraer E190LR,142,E190,1703110150
33508c16,275,0,0,E190,MEX,CEN,AM,1,19.4269,-99.0893,Embraer E190LR,142,E190,1703110147
33508c33,169,17050,341,E190,OLP,ADL,QQ,0,-31.0244,136.9904,Embraer E190LR,14,E190,1703110150
33508c35,320,25000,384,E190,MDQ,AEP,AR,0,-35.5457,-57.8833,Embraer E190AR,11,E190,1703110146
33508e40,250,26750,354,E190,AMS,BRS,KL,0,52.0115,3.5652,Embraer E190STD,155,E190,1703110150
3350909b,50,1500,200,E190,ADL,ASP,QF,0,-34.9133,138.5824,Embraer E190AR,14,E190,1703110150
33509101,260,30925,408,E190,CPE,MEX,AM,0,19.8306,-92.0611,Embraer E190LR,142,E190,1703110149
335092c3,354,18600,375,E190,AUA,SDQ,DO,0,13.0883,-69.8049,Embraer E190AR,64,E190,1703110148
33509308,194,0,1,E190,PER,N/A,NC,1,-31.9369,115.9637,Embraer E190AR,14,E190,1703110149
33509371,340,0,0,E190,BOS,RIC,B6,1,42.3647,-71.0146,Embraer E190AR,236,E190,1703110146
3350940b,53,0,6,E190,NBO,EBB,KQ,1,-1.3273,36.9168,Embraer E190AR,115,E190,1703110149
335094cc,138,2450,166,E190,NAJ,GYD,J2,0,39.1847,45.4629,Embraer ERJ-190,25,E190,1703110150
3350952e,230,0,17,E190,ADL,CBR,QF,1,-34.9442,138.5347,Embraer E190AR,14,E190,1703110148
33509577,0,30875,0,E190,UAQ,AEP,AR,0,-32.145,-66.9672,N/A,N/A,E190,1703110132
335096ef,165,0,0,E190,MEX,DGO,AM,1,19.4247,-99.0862,Embraer E190LR,142,E190,1703110147
33509901,180,0,29,E190,MCO,N/A,B6,1,28.4305,-81.2837,Embraer E190AR,236,E190,1703110105
33509913,70,0,0,E190,WAW,VNO,LO,1,52.17,20.9715,Embraer E190STD,176,E190,1703110148
3350993e,78,0,1,E190,DRW,GOV,TL,1,-12.4094,130.8764,N/A,N/A,E190,1703110149
33509951,43,3050,182,E190,AEP,PSS,AR,0,-34.5533,-58.3425,N/A,N/A,E190,1703110146
33509a5b,289,0,0,E190,BOS,N/A,B6,1,42.3661,-71.0137,Embraer E190AR,236,E190,1703110141
33504a7f,30,39000,455,E290,BGO,TOS,WF,0,68.3747,16.2603,Embraer E190-E2,165,E290,1703110150
33503561,151,36000,444,E195,MSQ,EVN,B2,0,48.123,45.4985,N/A,N/A,E195,1703110147
33503a76,165,14475,353,E195,VIE,PRN,OS,0,47.7257,16.508,Embraer E195LR,15,E195,1703110148
33504354,300,0,29,E195,FRA,BEG,JU,1,44.8178,20.3035,N/A,N/A,E195,1703110150
33504715,7,36000,397,E195,LIS,DUB,TP,0,47.2184,-6.6147,Embraer E195LR,177,E195,1703110147
33505383,314,24525,354,E195,CPH,BGO,SK,0,59.8217,6.7243,Embraer E195LR,215,E195,1703110150
33505d28,199,0,4,E195,FRA,INN,EN,1,47.2587,11.3504,N/A,N/A,E195,1703110140
33505fe4,92,31000,444,E195,FRA,KTW,EN,0,50.0098,16.0544,Embraer E195LR,109,E195,1703110148
335061ad,148,23900,447,E195,FRA,VRN,EN,0,46.1653,10.4722,Embraer E195LR,109,E195,1703110150
3350636f,74,38000,394,E195,LIS,MRS,TP,0,40.8449,-2.3318,Embraer E195AR,177,E195,1703110147
335066d7,310,850,136,E195,LIS,AGP,TP,0,36.63,-4.4362,Embraer E195LR,177,E195,1703110147
33506cc4,312,0,0,E195,MUC,VCE,EN,1,45.5015,12.3403,Embraer E195LR,109,E195,1703110099
33506de5,109,33850,437,E195,CGB,CNF,AD,0,-17.5032,-50.6726,Embraer E195AR,32,E195,1703110151
33506e14,128,35000,450,E195,WAW,TBS,LO,0,47.6821,22.6783,N/A,N/A,E195,1703110148
335074ee,97,1850,154,E195,VCP,SDU,AD,0,-22.8558,-43.2554,Embraer E195AR,32,E195,1703110149
335075e4,74,5950,236,E195,VIE,KRK,OS,0,50.0198,20.0592,Embraer E195LR,15,E195,1703110150
33507704,93,10575,288,E195,IGU,CWB,AD,0,-25.5857,-49.6751,Embraer E195AR,32,E195,1703110148
33507759,327,9000,248,E195,SDU,CGH,AD,0,-23.7889,-46.6727,Embraer E195AR,32,E195,1703110149
33507880,8,3400,182,E195,VIE,KSC,OS,0,48.5134,21.1889,Embraer E195LR,15,E195,1703110148
33507a8f,127,3900,170,E195,CWB,VCP,AD,0,-22.9416,-47.2267,Embraer E195AR,32,E195,1703110150
33507d2b,126,27650,402,E195,VIE,BEG,OS,0,46.1238,19.2097,N/A,N/A,E195,1703110149
33507ffb,223,6200,261,E195,CGH,CWB,AD,0,-25.3874,-49.2953,N/A,N/A,E195,1703110149
33508166,100,35700,497,E195,MUC,CLJ,EN,0,47.942,15.3936,Embraer E195LR,109,E195,1703110148
3350816f,222,18725,344,E195,MUC,MXP,LH,0,45.8975,9.5865,Embraer E195LR,109,E195,1703110148
335082a6,148,35025,449,E195,CGB,CWB,AD,0,-17.9043,-54.6158,Embraer E195AR,32,E195,1703110148
33508374,37,15000,355,E195,CGH,CNF,AD,0,-21.7374,-45.3521,Embraer E195AR,32,E195,1703110134
33508d8f,197,12000,320,E195,VIE,GRZ,OS,0,47.607,15.972,Embraer E195LR,15,E195,1703110149
33508e3d,79,15000,345,E195,GRU,SDU,AD,0,-23.5845,-45.1718,Embraer E195AR,32,E195,1703110143
33509898,74,200,72,E195,BPS,UDI,AD,0,-16.44,-39.0863,Embraer E195AR,32,E195,1703110149
334fe680,19,27050,406,E295,VCP,SSA,AD,0,-10.8829,-36.5143,Embraer E195-E2,32,E295,1703110150
334fe717,269,38000,416,E295,YYZ,YVR,PD,0,50.1059,-107.5743,Embraer E195-E2,40,E295,1703110148
334ff320,288,38000,412,E295,YYZ,YEG,PD,0,51.8504,-105.0819,N/A,N/A,E295,1703110149
334ff75d,282,38000,399,E295,YYZ,YYC,PD,0,50.7467,-102.4485,Embraer E195-E2,40,E295,1703110149
334ff9a4,182,38000,446,E295,YYZ,MIA,PD,0,35.8591,-80.6861,Embraer E195-E2,40,E295,1703110148
334ffb4d,105,39000,500,E295,YVR,YYZ,PD,0,47.8437,-90.2752,Embraer E195-E2,40,E295,1703110148
335034f6,58,5750,260,E295,YWG,YYZ,PD,0,43.7691,-79.6952,Embraer E195-E2,40,E295,1703110148
33503ae2,221,31000,444,E295,PMI,TFN,NT,0,31.9332,-10.929,Embraer E195-E2,209,E295,1703110148
3350482a,155,39000,398,E295,CKS,CNF,AD,0,-16.2842,-46.0052,Embraer E195-E2,32,E295,1703110147
335052fb,94,37000,412,E295,YYZ,YHZ,PD,0,45.0404,-69.2966,Embraer E195-E2,40,E295,1703110149
3350547a,121,375,127,E295,MVD,FLN,AD,0,-27.6582,-48.5652,Embraer E195-E2,32,E295,1703110148
335055eb,257,38000,412,E295,YHZ,YYZ,PD,0,45.2707,-76.1186,Embraer E195-E2,40,E295,1703110150
33505829,216,38000,412,E295,MCZ,CGH,AD,0,-15.9113,-41.8832,Embraer E195-E2,32,E295,1703110149
33505b35,187,38000,413,E295,PHB,CNF,AD,0,-10.8165,-43.7613,Embraer E195-E2,32,E295,1703110147
3350612b,298,38000,382,E295,YYZ,YWG,PD,0,47.0882,-86.0817,Embraer E195-E2,40,E295,1703110147
3350671b,6,38000,448,E295,CGH,BSB,AD,0,-17.3363,-48.1455,Embraer E195-E2,32,E295,1703110148
33506909,92,11000,255,E295,VCP,CNF,AD,0,-19.7852,-43.615,Embraer E195-E2,32,E295,1703110149
335076b5,203,8150,285,E295,CNF,GRU,AD,0,-23.1297,-46.5614,Embraer E195-E2,32,E295,1703110150
33507c51,108,37000,470,E295,YEG,YYZ,PD,0,52.4998,-108.0641,N/A,N/A,E295,1703110148
33507e84,221,40000,418,E295,JPA,CNF,AD,0,-10.1513,-36.9256,Embraer E195-E2,32,E295,1703110149
3350825a,183,20025,394,E295,YYZ,TPA,PD,0,42.9836,-79.7963,Embraer E195-E2,40,E295,1703110149
33508340,250,30000,455,E295,VCP,IGU,AD,0,-24.0565,-50.2108,Embraer E195-E2,32,E295,1703110150
3350866d,183,9300,294,E295,YYZ,RSW,PD,0,43.4529,-79.7498,N/A,N/A,E295,1703110149
3350879a,231,21850,375,E295,VCP,CWB,AD,0,-24.8176,-48.5354,Embraer E195-E2,32,E295,1703110150
335088af,256,24975,367,E295,YUL,YYZ,PD,0,45.3595,-74.7712,Embraer E195-E2,40,E295,1703110150
33508a1f,5,38075,459,E295,MCO,YOW,PD,0,30.6978,-81.4961,N/A,N/A,E295,1703110150
33509287,53,0,14,E295,YYZ,YUL,PD,1,43.6728,-79.6118,Embraer E195-E2,40,E295,1703110149
33509396,8,0,0,E295,YVR,YYZ,PD,1,49.193,-123.186,Embraer E195-E2,40,E295,1703110145
33509403,207,15850,385,E295,VCP,POA,AD,0,-23.5551,-47.3903,Embraer E195-E2,32,E295,1703110150
33503532,152,12175,283,E135,SUN,VNY,5E,0,34.5646,-119.0824,Embraer ERJ-135LR,236,E135,1703110154
335069a2,212,0,0,E135,SNA,LAS,XE,1,36.0867,-115.1673,N/A,N/A,E135,1703110085
3350753b,202,0,10,E135,TUP,BNA,LF,1,34.2631,-88.7699,Embraer ERJ-140LR,236,E135,1703110146
33508ffe,356,14375,334,E135,CLT,BKW,LF,0,35.777,-81.0946,Embraer ERJ-135LR,236,E135,1703110151
33509adf,78,0,0,E135,MXP,LGG,AG,1,45.6273,8.7193,Embraer ERJ-135LR,155,E135,1703110145
334fbfce,177,37000,402,E145,HPN,OPF,XE,0,29.3651,-83.6831,N/A,N/A,E145,1703110151
3350180e,39,18325,382,E145,OPF,HPN,XE,0,40.1219,-73.7204,Embraer ERJ-145LR,236,E145,1703110153
3350450b,300,36000,370,E145,OPF,DAL,XE,0,29.7033,-89.7227,Embraer ERJ-145LR,236,E145,1703110151
335050d6,18,2650,232,E145,CLT,EWN,AA,0,35.2849,-80.9182,Embraer ERJ-145LR,236,E145,1703110152
33505285,311,5575,256,E145,PHL,SDF,AA,0,38.0133,-85.4509,Embraer ERJ-145LR,236,E145,1703110154
3350529a,267,23125,341,E145,ORD,ATY,KG,0,42.1573,-89.067,Embraer ERJ-145LR,236,E145,1703110153
335052ae,174,36000,416,E145,N/A,N/A,N/A,0,-14.2432,-38.0494,Embraer C-99A,32,E145,1703110151
33505691,303,29600,328,E145,LHR,LDY,LM,0,54.6735,-5.5085,Embraer ERJ-145EP,235,E145,1703110152
33505834,354,3075,188,E145,CHO,CLT,AA,0,35.063,-80.9229,Embraer ERJ-145LR,236,E145,1703110152
3350587f,67,0,13,E145,HSV,CLT,AA,1,35.2117,-80.9495,N/A,N/A,E145,1703110151
3350605d,254,2250,172,E145,YYZ,PHL,AA,0,39.9076,-75.0607,Embraer ERJ-145LR,236,E145,1703110152
335060f6,164,9000,303,E145,YUL,PHL,AA,0,40.4827,-75.4442,Embraer ERJ-145LR,236,E145,1703110154
3350618c,89,1375,150,E145,PLS,NAS,JY,0,25.0351,-77.6136,Embraer ERJ-145LR,230,E145,1703110154
33506527,186,6425,275,E145,PHL,MYR,AA,0,33.8509,-78.754,Embraer ERJ-145LR,236,E145,1703110152
33506784,164,2525,214,E145,PHL,ILM,AA,0,34.1425,-77.7379,Embraer ERJ-145LR,236,E145,1703110152
33506806,20,0,15,E145,BUF,PHL,AA,1,39.8776,-75.2349,Embraer ERJ-145LR,236,E145,1703110153
33506da2,1,5575,194,E145,PWM,PHL,AA,0,39.7354,-74.9153,Embraer ERJ-145LR,236,E145,1703110153
33506e60,119,12600,340,E145,BOG,MVP,9R,0,1.4238,-70.5738,Embraer ERJ-145LR,49,E145,1703110153
33506fbc,3,20000,418,E145,GNV,CLT,AA,0,30.6821,-82.4601,Embraer ERJ-145LR,236,E145,1703110153
335070cb,158,3575,229,E145,ROC,PHL,AA,0,39.8941,-75.1349,Embraer ERJ-145LR,236,E145,1703110152
33507201,253,2550,196,E145,ALB,PHL,AA,0,39.737,-75.1221,N/A,N/A,E145,1703110152
3350724a,229,14625,381,E145,PHL,GSO,AA,0,36.9091,-79.7479,Embraer ERJ-145LR,236,E145,1703110151
33507307,123,37000,516,E145,DAL,BCT,XE,0,30.6063,-91.2849,N/A,N/A,E145,1703110150
335073e2,221,20250,363,E145,PIR,DEN,KG,0,43.6619,-101.1182,Embraer ERJ-145LR,236,E145,1703110152
33507431,336,32000,332,E145,SOU,EDI,LM,0,54.498,-2.5928,Embraer ERJ-145EP,235,E145,1703110150
3350773c,260,2225,182,E145,CLT,CHA,AA,0,35.1217,-85.0982,Embraer ERJ-145LR,236,E145,1703110152
3350777d,171,7600,251,E145,HTS,CLT,AA,0,35.2369,-80.8229,Embraer ERJ-145LR,236,E145,1703110152
33507931,37,2900,239,E145,CLT,CHO,AA,0,37.9964,-78.4344,Embraer ERJ-145LR,236,E145,1703110153
33507aee,52,29000,450,E145,TLH,CLT,AA,0,33.0208,-83.1466,Embraer ERJ-145LR,236,E145,1703110153
33507bb7,239,26000,425,E145,SBY,CLT,AA,0,36.2354,-78.031,N/A,N/A,E145,1703110150
33508187,323,36000,342,E145,CLT,FWA,AA,0,36.8386,-82.6125,Embraer ERJ-145LR,236,E145,1703110154
335081aa,224,16175,333,E145,LAS,SNA,XE,0,34.3846,-116.8987,Embraer ERJ-145LR,236,E145,1703110151
335081ab,11,0,0,E145,NAS,FPO,WU,1,25.0487,-77.466,Embraer ERJ-145LR,17,E145,1703110150
335082ba,330,24000,435,E145,GDL,DGO,YQ,0,22.8385,-104.6511,Embraer ERJ-145EP,142,E145,1703110152
3350845b,153,11575,378,E145,SYR,PHL,AA,0,41.3085,-75.7137,Embraer ERJ-145LR,236,E145,1703110154
33508523,43,16550,398,E145,CLT,LYH,AA,0,36.5738,-80.0945,Embraer ERJ-145LR,236,E145,1703110151
335086d7,76,23000,452,E145,CLT,PGV,AA,0,35.6009,-79.0446,Embraer ERJ-145LR,236,E145,1703110154
33508828,69,24225,446,E145,DAL,BNA,XE,0,33.3854,-94.8005,Embraer ERJ-145LR,236,E145,1703110152
33508bad,106,15950,366,E145,LAS,PHX,XE,0,35.782,-114.7633,Embraer ERJ-145LR,236,E145,1703110152
33508cff,9,17850,351,E145,CLT,ROA,AA,0,35.9562,-80.8712,Embraer ERJ-145LR,236,E145,1703110152
33508e34,119,15725,366,E145,EVV,CLT,AA,0,37.6875,-86.8303,Embraer ERJ-145LR,236,E145,1703110154
33509012,352,21225,350,E145,LAP,HMO,YQ,0,24.8129,-110.465,Embraer ERJ-145LR,142,E145,1703110154
33509118,47,0,0,E145,CLT,GSO,AA,1,35.2014,-80.9342,Embraer ERJ-145LR,236,E145,1703110147
3350955b,271,0,0,E145,CLT,TLH,AA,1,35.2207,-80.9383,N/A,N/A,E145,1703110142
33509583,309,0,0,E145,DAL,HOU,XE,1,32.8576,-96.8553,Embraer ERJ-145LR,236,E145,1703110078
3350982d,174,0,0,E145,CLT,PHF,AA,1,35.208,-80.9361,Embraer ERJ-145LR,236,E145,1703110151
33509847,267,0,0,E145,ROC,BOS,AA,1,43.1251,-77.6711,Embraer ERJ-145LR,236,E145,1703110154
33509a7a,226,0,12,E145,CLT,AGS,AA,1,35.2156,-80.9408,Embraer ERJ-145LR,236,E145,1703110152
